Protocollo;Gruppo;DataOraIncidente;Localizzazione1;STRADA1;Localizzazione2;STRADA2;Strada02;Chilometrica;DaSpecificare;NaturaIncidente;particolaritastrade;TipoStrada;FondoStradale;Pavimentazione;Segnaletica;CondizioneAtmosferica;Traffico;Visibilita;Illuminazione;NUM_FERITI;NUM_RISERVATA;NUM_MORTI;NUM_ILLESI;Longitudine;Latitudine;Confermato;Progressivo;TipoVeicolo;StatoVeicolo;TipoPersona;Sesso;Tipolesione;Deceduto;DecedutoDopo;CinturaCascoUtilizzato;Airbag
1937782;3;06/03/2013 17:00;Strada Urbana;CORSO D'ITALIA;da specificare;;;;altezza Via Alessandria;Tamponamento Multiplo;Rettilineo;Una carreggiata a doppio senso;Bagnato (pioggia);Asfaltata;Verticale ed orizzontale;Pioggia in atto;Normale;Sufficiente;Sufficiente;1;0;0;2;;;-1;2;Autovettura privata;In marcia / fermata / arresto;Passeggero;F;Illeso;0;;Utilizzato;Inesistente
1937783;7;07/03/2013 08:15;Strada Urbana;VIALE PALMIRO TOGLIATTI;in prossimità;;del palo luce n. ;81;;Ribaltamento senza urto contro ostacolo fisso;Rettilineo;Due carreggiate;Bagnato (pioggia);Asfaltata;Orizzontale;Pioggia in atto;Normale;Buona;Ore Diurne;1;0;0;2;;;-1;1;Motociclo a solo;In marcia / fermata / arresto;Conducente;M;Ricoverato;0;NON DECEDUTO;Non accertato;Inesploso
1937783;7;07/03/2013 08:15;Strada Urbana;VIALE PALMIRO TOGLIATTI;in prossimità;;del palo luce n. ;81;;Ribaltamento senza urto contro ostacolo fisso;Rettilineo;Due carreggiate;Bagnato (pioggia);Asfaltata;Orizzontale;Pioggia in atto;Normale;Buona;Ore Diurne;1;0;0;2;;;-1;2;Autovettura privata;In marcia / fermata / arresto;Conducente;M;Illeso;0;;Non accertato;Inesploso
1937783;7;07/03/2013 08:15;Strada Urbana;VIALE PALMIRO TOGLIATTI;in prossimità;;del palo luce n. ;81;;Ribaltamento senza urto contro ostacolo fisso;Rettilineo;Due carreggiate;Bagnato (pioggia);Asfaltata;Orizzontale;Pioggia in atto;Normale;Buona;Ore Diurne;1;0;0;2;;;-1;2;Autovettura privata;In marcia / fermata / arresto;Passeggero;M;Illeso;0;;Non accertato;Inesploso
1937784;3;06/03/2013 19:00;Strada Urbana;VIA NOMENTANA;all'intersezione semaforizzata con;VIALE REGINA MARGHERITA;VIALE REGINA MARGHERITA;;;Investimento di pedone;Intersezione semaforizzata;Più di due carreggiate;Bagnato (pioggia);Asfaltata;Verticale ed orizzontale;Pioggia in atto;Normale;Sufficiente;Sufficiente;1;0;0;1;;;-1;;;;Pedone;M;Rimandato;0;NON DECEDUTO;;
1937784;3;06/03/2013 19:00;Strada Urbana;VIA NOMENTANA;all'intersezione semaforizzata con;VIALE REGINA MARGHERITA;VIALE REGINA MARGHERITA;;;Investimento di pedone;Intersezione semaforizzata;Più di due carreggiate;Bagnato (pioggia);Asfaltata;Verticale ed orizzontale;Pioggia in atto;Normale;Sufficiente;Sufficiente;1;0;0;1;;;-1;1;Motociclo con passeggero;In marcia / fermata / arresto;Conducente;M;Illeso;0;;Non accertato;Inesistente
1937785;3;06/03/2013 17:10;Strada Urbana;PIAZZA BOLOGNA;da specificare;;;;in corrispondenza fronte civico 4;Tamponamento;Rotatoria;Una carreggiata a senso unico di marcia;Bagnato (pioggia);Asfaltata;Verticale ed orizzontale;Pioggia in atto;Intenso;Buona;Ore Diurne;1;0;0;2;;;-1;1;Autobus di linea;In marcia / fermata / arresto;Conducente;M;Illeso;0;;Non accertato;Inesistente
1937785;3;06/03/2013 17:10;Strada Urbana;PIAZZA BOLOGNA;da specificare;;;;in corrispondenza fronte civico 4;Tamponamento;Rotatoria;Una carreggiata a senso unico di marcia;Bagnato (pioggia);Asfaltata;Verticale ed orizzontale;Pioggia in atto;Intenso;Buona;Ore Diurne;1;0;0;2;;;-1;2;Autovettura privata;In marcia / fermata / arresto;Conducente;M;Illeso;0;;Non accertato;Inesistente
1937785;3;06/03/2013 17:10;Strada Urbana;PIAZZA BOLOGNA;da specificare;;;;in corrispondenza fronte civico 4;Tamponamento;Rotatoria;Una carreggiata a senso unico di marcia;Bagnato (pioggia);Asfaltata;Verticale ed orizzontale;Pioggia in atto;Intenso;Buona;Ore Diurne;1;0;0;2;;;-1;2;Autovettura privata;In marcia / fermata / arresto;Passeggero;F;Rimandato;0;NON DECEDUTO;Non accertato;Inesistente
1937786;3;06/03/2013 12:35;Strada Urbana;VIALE REGINA ELENA;all'intersezione semaforizzata con;VIALE DELL'UNIVERSITA';VIALE DELL'UNIVERSITA';;;Veicolo in marcia contro veicolo arresto;Intersezione semaforizzata;Due carreggiate;Bagnato (pioggia);Asfaltata;Verticale ed orizzontale;Pioggia in atto;Normale;Buona;Ore Diurne;1;0;0;1;;;-1;1;Motociclo a solo;In marcia / fermata / arresto;Conducente;M;Rimandato;0;NON DECEDUTO;Non accertato;Inesistente
1937786;3;06/03/2013 12:35;Strada Urbana;VIALE REGINA ELENA;all'intersezione semaforizzata con;VIALE DELL'UNIVERSITA';VIALE DELL'UNIVERSITA';;;Veicolo in marcia contro veicolo arresto;Intersezione semaforizzata;Due carreggiate;Bagnato (pioggia);Asfaltata;Verticale ed orizzontale;Pioggia in atto;Normale;Buona;Ore Diurne;1;0;0;1;;;-1;2;Autovettura privata;In marcia / fermata / arresto;Conducente;M;Illeso;0;;Non accertato;Inesistente
1937787;3;05/03/2013 20:10;Strada Urbana;PIAZZALE DEL VERANO;in prossimità;;del civico n. ;36;;Scontro laterale fra veicoli in marcia;Rettilineo;Due carreggiate;Bagnato (pioggia);Asfaltata;Verticale ed orizzontale;Pioggia in atto;Scarso;Sufficiente;Sufficiente;0;0;0;4;;;-1;1;Autovettura privata;In marcia / fermata / arresto;Conducente;M;Illeso;0;;Utilizzato;Inesistente
1937787;3;05/03/2013 20:10;Strada Urbana;PIAZZALE DEL VERANO;in prossimità;;del civico n. ;36;;Scontro laterale fra veicoli in marcia;Rettilineo;Due carreggiate;Bagnato (pioggia);Asfaltata;Verticale ed orizzontale;Pioggia in atto;Scarso;Sufficiente;Sufficiente;0;0;0;4;;;-1;1;Autovettura privata;In marcia / fermata / arresto;Passeggero;F;Illeso;0;;Utilizzato;Inesistente
1937787;3;05/03/2013 20:10;Strada Urbana;PIAZZALE DEL VERANO;in prossimità;;del civico n. ;36;;Scontro laterale fra veicoli in marcia;Rettilineo;Due carreggiate;Bagnato (pioggia);Asfaltata;Verticale ed orizzontale;Pioggia in atto;Scarso;Sufficiente;Sufficiente;0;0;0;4;;;-1;2;Autovettura privata;In marcia / fermata / arresto;Conducente;F;Illeso;0;;Utilizzato;Inesistente
1937787;3;05/03/2013 20:10;Strada Urbana;PIAZZALE DEL VERANO;in prossimità;;del civico n. ;36;;Scontro laterale fra veicoli in marcia;Rettilineo;Due carreggiate;Bagnato (pioggia);Asfaltata;Verticale ed orizzontale;Pioggia in atto;Scarso;Sufficiente;Sufficiente;0;0;0;4;;;-1;2;Autovettura privata;In marcia / fermata / arresto;Passeggero;F;Illeso;0;;Utilizzato;Inesistente
1937788;17;06/03/2013 19:00;Strada Urbana;VIA ANGELO BROFFERIO;all'intersezione semaforizzata con;VIALE DELLE MILIZIE;VIALE DELLE MILIZIE;;;Investimento di pedone;Intersezione semaforizzata;Una carreggiata a doppio senso;Bagnato (pioggia);Asfaltata;Verticale ed orizzontale;Pioggia in atto;Normale;Sufficiente;Sufficiente;1;0;0;1;;;-1;;;;Pedone;M;Rimandato;0;NON DECEDUTO;;
1937788;17;06/03/2013 19:00;Strada Urbana;VIA ANGELO BROFFERIO;all'intersezione semaforizzata con;VIALE DELLE MILIZIE;VIALE DELLE MILIZIE;;;Investimento di pedone;Intersezione semaforizzata;Una carreggiata a doppio senso;Bagnato (pioggia);Asfaltata;Verticale ed orizzontale;Pioggia in atto;Normale;Sufficiente;Sufficiente;1;0;0;1;;;-1;1;Motociclo a solo;In marcia / fermata / arresto;Conducente;M;Illeso;0;;Non accertato;Inesistente
1937789;5;06/03/2013 09:40;Strada Urbana;VIA AFFILE;all'intersezione con;VIA CERCHIARA;VIA CERCHIARA;;;Scontro frontale/laterale DX fra veicoli in marcia;Incrocio;Una carreggiata a doppio senso;Asciutto;Asfaltata;Verticale ed orizzontale;Nuvoloso;Normale;Buona;Ore Diurne;0;0;0;2;;;-1;1;Autovettura privata;In marcia / fermata / arresto;Conducente;M;Illeso;0;;Non accertato;Inesistente
1937789;5;06/03/2013 09:40;Strada Urbana;VIA AFFILE;all'intersezione con;VIA CERCHIARA;VIA CERCHIARA;;;Scontro frontale/laterale DX fra veicoli in marcia;Incrocio;Una carreggiata a doppio senso;Asciutto;Asfaltata;Verticale ed orizzontale;Nuvoloso;Normale;Buona;Ore Diurne;0;0;0;2;;;-1;2;Autovettura privata;In marcia / fermata / arresto;Conducente;M;Illeso;0;;Non accertato;Inesistente
1937790;5;06/03/2013 10:00;Strada Urbana;VIA DI TOR CERVARA;in prossimità;;del civico n. ;187;;Scontro frontale fra veicoli in marcia;Curva a visuale libera;Una carreggiata a doppio senso;Asciutto;Asfaltata;Verticale ed orizzontale;Nuvoloso;Normale;Buona;Ore Diurne;0;0;0;4;;;-1;1;Autocarro inferiore 35 q.;In marcia / fermata / arresto;Conducente;M;Illeso;0;;Non accertato;Inesistente
1937790;5;06/03/2013 10:00;Strada Urbana;VIA DI TOR CERVARA;in prossimità;;del civico n. ;187;;Scontro frontale fra veicoli in marcia;Curva a visuale libera;Una carreggiata a doppio senso;Asciutto;Asfaltata;Verticale ed orizzontale;Nuvoloso;Normale;Buona;Ore Diurne;0;0;0;4;;;-1;2;Autovettura privata;In marcia / fermata / arresto;Conducente;M;Illeso;0;;Non accertato;Inesistente
1937790;5;06/03/2013 10:00;Strada Urbana;VIA DI TOR CERVARA;in prossimità;;del civico n. ;187;;Scontro frontale fra veicoli in marcia;Curva a visuale libera;Una carreggiata a doppio senso;Asciutto;Asfaltata;Verticale ed orizzontale;Nuvoloso;Normale;Buona;Ore Diurne;0;0;0;4;;;-1;3;Autovettura privata;In marcia / fermata / arresto;Conducente;M;Illeso;0;;Non accertato;Inesistente
1937790;5;06/03/2013 10:00;Strada Urbana;VIA DI TOR CERVARA;in prossimità;;del civico n. ;187;;Scontro frontale fra veicoli in marcia;Curva a visuale libera;Una carreggiata a doppio senso;Asciutto;Asfaltata;Verticale ed orizzontale;Nuvoloso;Normale;Buona;Ore Diurne;0;0;0;4;;;-1;3;Autovettura privata;In marcia / fermata / arresto;Passeggero;F;Illeso;0;;Non accertato;Inesistente
1937791;5;06/03/2013 12:20;Strada Urbana;VIALE MARX;in prossimità;;del civico n. ;134;;Infortunio per sola frenata improvvisa;Rettilineo;Due carreggiate;Bagnato (umidità in atto);Asfaltata;Verticale ed orizzontale;Sereno;Normale;Buona;Ore Diurne;0;0;0;2;;;-1;1;Motociclo a solo;In marcia / fermata / arresto;Conducente;M;Illeso;0;;Non accertato;Inesistente
1937791;5;06/03/2013 12:20;Strada Urbana;VIALE MARX;in prossimità;;del civico n. ;134;;Infortunio per sola frenata improvvisa;Rettilineo;Due carreggiate;Bagnato (umidità in atto);Asfaltata;Verticale ed orizzontale;Sereno;Normale;Buona;Ore Diurne;0;0;0;2;;;-1;2;Autovettura privata;In marcia / fermata / arresto;Conducente;M;Illeso;0;;Non accertato;Inesploso
1937792;12;06/03/2013 14:30;Strada Urbana;VIA FEDERICO ALESSANDRINI;in prossimità;;del civico n. ;35;;Scontro frontale/laterale SX fra veicoli in marcia;Rettilineo;Una carreggiata a doppio senso;Bagnato (pioggia);Asfaltata;Verticale ed orizzontale;Pioggia in atto;Normale;Buona;Ore Diurne;0;0;0;6;;;-1;1;Autovettura privata;In marcia / fermata / arresto;Conducente;F;Illeso;0;;Utilizzato;Inesploso
1937792;12;06/03/2013 14:30;Strada Urbana;VIA FEDERICO ALESSANDRINI;in prossimità;;del civico n. ;35;;Scontro frontale/laterale SX fra veicoli in marcia;Rettilineo;Una carreggiata a doppio senso;Bagnato (pioggia);Asfaltata;Verticale ed orizzontale;Pioggia in atto;Normale;Buona;Ore Diurne;0;0;0;6;;;-1;1;Autovettura privata;In marcia / fermata / arresto;Passeggero;F;Illeso;0;;Utilizzato;Inesploso
1937792;12;06/03/2013 14:30;Strada Urbana;VIA FEDERICO ALESSANDRINI;in prossimità;;del civico n. ;35;;Scontro frontale/laterale SX fra veicoli in marcia;Rettilineo;Una carreggiata a doppio senso;Bagnato (pioggia);Asfaltata;Verticale ed orizzontale;Pioggia in atto;Normale;Buona;Ore Diurne;0;0;0;6;;;-1;2;Autovettura privata;In marcia / fermata / arresto;Conducente;M;Illeso;0;;Utilizzato;Inesistente
1937792;12;06/03/2013 14:30;Strada Urbana;VIA FEDERICO ALESSANDRINI;in prossimità;;del civico n. ;35;;Scontro frontale/laterale SX fra veicoli in marcia;Rettilineo;Una carreggiata a doppio senso;Bagnato (pioggia);Asfaltata;Verticale ed orizzontale;Pioggia in atto;Normale;Buona;Ore Diurne;0;0;0;6;;;-1;3;Autovettura privata;In marcia / fermata / arresto;Passeggero;F;Illeso;0;;Utilizzato;Inesploso
1937792;12;06/03/2013 14:30;Strada Urbana;VIA FEDERICO ALESSANDRINI;in prossimità;;del civico n. ;35;;Scontro frontale/laterale SX fra veicoli in marcia;Rettilineo;Una carreggiata a doppio senso;Bagnato (pioggia);Asfaltata;Verticale ed orizzontale;Pioggia in atto;Normale;Buona;Ore Diurne;0;0;0;6;;;-1;3;Autovettura privata;In marcia / fermata / arresto;Conducente;F;Illeso;0;;Utilizzato;Inesploso
1937792;12;06/03/2013 14:30;Strada Urbana;VIA FEDERICO ALESSANDRINI;in prossimità;;del civico n. ;35;;Scontro frontale/laterale SX fra veicoli in marcia;Rettilineo;Una carreggiata a doppio senso;Bagnato (pioggia);Asfaltata;Verticale ed orizzontale;Pioggia in atto;Normale;Buona;Ore Diurne;0;0;0;6;;;-1;3;Autovettura privata;In marcia / fermata / arresto;Passeggero;M;Illeso;0;;Utilizzato;Inesploso
1937793;5;12/03/2013 15:30;Strada Urbana;VIA TIBURTINA;all'intersezione con;VIA SAMBUCI;VIA SAMBUCI;;;Scontro frontale/laterale SX fra veicoli in marcia;Incrocio;Una carreggiata a senso unico alternato;Bagnato (pioggia);Asfaltata;Verticale ed orizzontale;Pioggia in atto;Intenso;Sufficiente;Ore Diurne;0;0;0;2;;;-1;1;Autovettura privata;In marcia / fermata / arresto;Conducente;M;Illeso;0;;Non accertato;Inesistente
1937793;5;12/03/2013 15:30;Strada Urbana;VIA TIBURTINA;all'intersezione con;VIA SAMBUCI;VIA SAMBUCI;;;Scontro frontale/laterale SX fra veicoli in marcia;Incrocio;Una carreggiata a senso unico alternato;Bagnato (pioggia);Asfaltata;Verticale ed orizzontale;Pioggia in atto;Intenso;Sufficiente;Ore Diurne;0;0;0;2;;;-1;2;Motociclo a solo;In marcia / fermata / arresto;Conducente;M;Illeso;0;;Non accertato;Inesistente
1937794;5;06/03/2013 16:30;Strada Urbana;VIA DI PIETRALATA;da specificare;;;;fronte FERMATA METROPOLITANA;Scontro laterale fra veicoli in marcia;Rettilineo;Una carreggiata a doppio senso;Bagnato (pioggia);Asfaltata;Orizzontale;Pioggia in atto;Normale;Sufficiente;Ore Diurne;0;0;0;2;;;-1;1;Autovettura privata;In marcia / fermata / arresto;Conducente;M;Illeso;0;;Non accertato;Inesistente
1937794;5;06/03/2013 16:30;Strada Urbana;VIA DI PIETRALATA;da specificare;;;;fronte FERMATA METROPOLITANA;Scontro laterale fra veicoli in marcia;Rettilineo;Una carreggiata a doppio senso;Bagnato (pioggia);Asfaltata;Orizzontale;Pioggia in atto;Normale;Sufficiente;Ore Diurne;0;0;0;2;;;-1;2;Autovettura privata;In marcia / fermata / arresto;Conducente;M;Illeso;0;;Non accertato;Inesistente
1937795;17;06/03/2013 18:20;Strada Urbana;VIA TRIONFALE;in prossimità;;del civico n. ;16;;Tamponamento;Rettilineo;Due carreggiate;Bagnato (pioggia);Asfaltata;Verticale ed orizzontale;Pioggia in atto;Normale;Buona;Sufficiente;0;0;0;2;;;-1;1;Autovettura privata;In marcia / fermata / arresto;Conducente;M;Illeso;0;;Non accertato;Inesistente
1937795;17;06/03/2013 18:20;Strada Urbana;VIA TRIONFALE;in prossimità;;del civico n. ;16;;Tamponamento;Rettilineo;Due carreggiate;Bagnato (pioggia);Asfaltata;Verticale ed orizzontale;Pioggia in atto;Normale;Buona;Sufficiente;0;0;0;2;;;-1;2;Motociclo a solo;In marcia / fermata / arresto;Conducente;M;Illeso;0;;Non accertato;Inesistente
1937796;1;05/03/2013 22:00;Strada Urbana;VIA LEONIDA BISSOLATI;all'intersezione semaforizzata con;VIA SALLUSTIANA;VIA SALLUSTIANA;;;Scontro frontale/laterale SX fra veicoli in marcia;Intersezione semaforizzata;Una carreggiata a doppio senso;Bagnato (pioggia);Asfaltata;Verticale ed orizzontale;Nuvoloso;Scarso;Sufficiente;Sufficiente;1;0;0;1;;;-1;1;Autovettura privata;In marcia / fermata / arresto;Conducente;M;Illeso;0;;Non accertato;Inesistente
1937796;1;05/03/2013 22:00;Strada Urbana;VIA LEONIDA BISSOLATI;all'intersezione semaforizzata con;VIA SALLUSTIANA;VIA SALLUSTIANA;;;Scontro frontale/laterale SX fra veicoli in marcia;Intersezione semaforizzata;Una carreggiata a doppio senso;Bagnato (pioggia);Asfaltata;Verticale ed orizzontale;Nuvoloso;Scarso;Sufficiente;Sufficiente;1;0;0;1;;;-1;2;Motociclo a solo;In marcia / fermata / arresto;Conducente;M;Rimandato;0;NON DECEDUTO;Non accertato;Inesistente
1937797;12;07/03/2013 00:05;Strada Urbana;VIA DI MEZZOCAMMINO;da specificare;;;;rampa G.R.A.;Tamponamento Multiplo;Rettilineo;Una carreggiata a senso unico di marcia;Viscido da liquidi oleosi;Asfaltata;Verticale ed orizzontale;Nuvoloso;Scarso;Insufficiente;Inesistente;0;0;0;3;;;-1;1;Autovettura privata;In marcia / fermata / arresto;Conducente;F;Illeso;0;;Utilizzato;Inesistente
1937797;12;07/03/2013 00:05;Strada Urbana;VIA DI MEZZOCAMMINO;da specificare;;;;rampa G.R.A.;Tamponamento Multiplo;Rettilineo;Una carreggiata a senso unico di marcia;Viscido da liquidi oleosi;Asfaltata;Verticale ed orizzontale;Nuvoloso;Scarso;Insufficiente;Inesistente;0;0;0;3;;;-1;2;Autovettura privata;In marcia / fermata / arresto;Conducente;M;Illeso;0;;Utilizzato;Inesploso
1937797;12;07/03/2013 00:05;Strada Urbana;VIA DI MEZZOCAMMINO;da specificare;;;;rampa G.R.A.;Tamponamento Multiplo;Rettilineo;Una carreggiata a senso unico di marcia;Viscido da liquidi oleosi;Asfaltata;Verticale ed orizzontale;Nuvoloso;Scarso;Insufficiente;Inesistente;0;0;0;3;;;-1;3;Autovettura privata;In marcia / fermata / arresto;Conducente;M;Illeso;0;;Utilizzato;Inesploso
1937798;4;06/03/2013 12:30;Strada Urbana;VIALE TIRRENO;in corrispondenza;;del civico n. ;124;;Scontro laterale fra veicoli in marcia;Rettilineo;Due carreggiate;Bagnato (umidità in atto);Asfaltata;Orizzontale;Nuvoloso;Normale;Buona;Ore Diurne;1;0;0;4;;;-1;1;Autovettura privata;In marcia / fermata / arresto;Conducente;M;Illeso;0;;Non accertato;Inesistente
1937798;4;06/03/2013 12:30;Strada Urbana;VIALE TIRRENO;in corrispondenza;;del civico n. ;124;;Scontro laterale fra veicoli in marcia;Rettilineo;Due carreggiate;Bagnato (umidità in atto);Asfaltata;Orizzontale;Nuvoloso;Normale;Buona;Ore Diurne;1;0;0;4;;;-1;1;Autovettura privata;In marcia / fermata / arresto;Passeggero;F;Illeso;0;;Non accertato;Inesistente
1937798;4;06/03/2013 12:30;Strada Urbana;VIALE TIRRENO;in corrispondenza;;del civico n. ;124;;Scontro laterale fra veicoli in marcia;Rettilineo;Due carreggiate;Bagnato (umidità in atto);Asfaltata;Orizzontale;Nuvoloso;Normale;Buona;Ore Diurne;1;0;0;4;;;-1;2;Autovettura privata;In marcia / fermata / arresto;Conducente;M;Illeso;0;;Non accertato;
1937798;4;06/03/2013 12:30;Strada Urbana;VIALE TIRRENO;in corrispondenza;;del civico n. ;124;;Scontro laterale fra veicoli in marcia;Rettilineo;Due carreggiate;Bagnato (umidità in atto);Asfaltata;Orizzontale;Nuvoloso;Normale;Buona;Ore Diurne;1;0;0;4;;;-1;3;Motociclo con passeggero;In marcia / fermata / arresto;Conducente;M;Illeso;0;;Non accertato;Inesistente
1937798;4;06/03/2013 12:30;Strada Urbana;VIALE TIRRENO;in corrispondenza;;del civico n. ;124;;Scontro laterale fra veicoli in marcia;Rettilineo;Due carreggiate;Bagnato (umidità in atto);Asfaltata;Orizzontale;Nuvoloso;Normale;Buona;Ore Diurne;1;0;0;4;;;-1;3;Motociclo con passeggero;In marcia / fermata / arresto;Passeggero;F;Rimandato;0;NON DECEDUTO;Non accertato;Inesistente
1937799;18;06/03/2013 15:45;Strada Urbana;PIAZZA PIO XI;in prossimità;;del civico n. ;53;;Scontro laterale fra veicoli in marcia;Rettilineo;Più di due carreggiate;Bagnato (pioggia);Asfaltata;Verticale ed orizzontale;Pioggia in atto;Normale;Buona;Ore Diurne;0;0;0;5;;;-1;1;Autovettura privata;In marcia / fermata / arresto;Conducente;M;Illeso;0;;Non accertato;Inesploso
1937799;18;06/03/2013 15:45;Strada Urbana;PIAZZA PIO XI;in prossimità;;del civico n. ;53;;Scontro laterale fra veicoli in marcia;Rettilineo;Più di due carreggiate;Bagnato (pioggia);Asfaltata;Verticale ed orizzontale;Pioggia in atto;Normale;Buona;Ore Diurne;0;0;0;5;;;-1;1;Autovettura privata;In marcia / fermata / arresto;Passeggero;M;Illeso;0;;Non accertato;Inesploso
1937799;18;06/03/2013 15:45;Strada Urbana;PIAZZA PIO XI;in prossimità;;del civico n. ;53;;Scontro laterale fra veicoli in marcia;Rettilineo;Più di due carreggiate;Bagnato (pioggia);Asfaltata;Verticale ed orizzontale;Pioggia in atto;Normale;Buona;Ore Diurne;0;0;0;5;;;-1;1;Autovettura privata;In marcia / fermata / arresto;Passeggero;M;Illeso;0;;Non accertato;Inesploso
1937799;18;06/03/2013 15:45;Strada Urbana;PIAZZA PIO XI;in prossimità;;del civico n. ;53;;Scontro laterale fra veicoli in marcia;Rettilineo;Più di due carreggiate;Bagnato (pioggia);Asfaltata;Verticale ed orizzontale;Pioggia in atto;Normale;Buona;Ore Diurne;0;0;0;5;;;-1;2;Autovettura privata;In marcia / fermata / arresto;Conducente;M;Illeso;0;;Non accertato;Inesploso
1937799;18;06/03/2013 15:45;Strada Urbana;PIAZZA PIO XI;in prossimità;;del civico n. ;53;;Scontro laterale fra veicoli in marcia;Rettilineo;Più di due carreggiate;Bagnato (pioggia);Asfaltata;Verticale ed orizzontale;Pioggia in atto;Normale;Buona;Ore Diurne;0;0;0;5;;;-1;2;Autovettura privata;In marcia / fermata / arresto;Passeggero;M;Illeso;0;;Non accertato;Inesploso
1937800;7;07/03/2013 08:45;Strada Urbana;VIA COLLATINA;in corrispondenza;;del civico n. ;437;;Scontro frontale/laterale DX fra veicoli in marcia;Rettilineo;Una carreggiata a doppio senso;Bagnato (pioggia);Asfaltata;Orizzontale;Nuvoloso;Normale;Buona;Ore Diurne;0;0;0;2;;;-1;1;Autovettura privata;In marcia / fermata / arresto;Conducente;M;Illeso;0;;Non accertato;Inesploso
1937800;7;07/03/2013 08:45;Strada Urbana;VIA COLLATINA;in corrispondenza;;del civico n. ;437;;Scontro frontale/laterale DX fra veicoli in marcia;Rettilineo;Una carreggiata a doppio senso;Bagnato (pioggia);Asfaltata;Orizzontale;Nuvoloso;Normale;Buona;Ore Diurne;0;0;0;2;;;-1;2;Motociclo a solo;In marcia / fermata / arresto;Conducente;M;Illeso;0;;Esente;Inesistente
1937801;20;07/03/2013 02:10;Strada Urbana;PIAZZALE MARESCIALLO DIAZ;all'intersezione semaforizzata con;VIALE ANTONINO DI SAN GIULIANO;VIALE ANTONINO DI SAN GIULIANO;;;Veicolo in marcia contro ostacolo fisso;Intersezione semaforizzata;Una carreggiata a doppio senso;Bagnato (pioggia);Asfaltata;Orizzontale;Nuvoloso;Scarso;Buona;Sufficiente;0;0;0;3;;;-1;1;Autovettura privata;In marcia / fermata / arresto;Conducente;M;Illeso;0;;Non accertato;Inesploso
1937801;20;07/03/2013 02:10;Strada Urbana;PIAZZALE MARESCIALLO DIAZ;all'intersezione semaforizzata con;VIALE ANTONINO DI SAN GIULIANO;VIALE ANTONINO DI SAN GIULIANO;;;Veicolo in marcia contro ostacolo fisso;Intersezione semaforizzata;Una carreggiata a doppio senso;Bagnato (pioggia);Asfaltata;Orizzontale;Nuvoloso;Scarso;Buona;Sufficiente;0;0;0;3;;;-1;1;Autovettura privata;In marcia / fermata / arresto;Passeggero;M;Illeso;0;;Non accertato;Inesistente
1937802;1;06/03/2013 21:00;Strada Urbana;CORSO VITTORIO EMANUELE II;in prossimità;;del civico n. ;91;;Investimento di pedone;Rettilineo;Una carreggiata a doppio senso;Bagnato (pioggia);Asfaltata;Verticale ed orizzontale;Pioggia in atto;Normale;Sufficiente;Sufficiente;1;0;0;1;;;-1;;;;Pedone;F;Rimandato;0;NON DECEDUTO;;
1937802;1;06/03/2013 21:00;Strada Urbana;CORSO VITTORIO EMANUELE II;in prossimità;;del civico n. ;91;;Investimento di pedone;Rettilineo;Una carreggiata a doppio senso;Bagnato (pioggia);Asfaltata;Verticale ed orizzontale;Pioggia in atto;Normale;Sufficiente;Sufficiente;1;0;0;1;;;-1;1;Motociclo a solo;In marcia / fermata / arresto;Conducente;F;Illeso;0;;Non accertato;Inesistente
1937803;12;06/03/2013 20:30;Strada Urbana;VIALE AMERICA;da specificare;;;;altezza viale Shakespeare;Investimento di pedone;Rettilineo;Una carreggiata a doppio senso;Bagnato (pioggia);Asfaltata;Verticale ed orizzontale;Pioggia in atto;Normale;Sufficiente;Sufficiente;1;0;0;2;;;-1;;;;Pedone;F;Rimandato;0;NON DECEDUTO;;
1937803;12;06/03/2013 20:30;Strada Urbana;VIALE AMERICA;da specificare;;;;altezza viale Shakespeare;Investimento di pedone;Rettilineo;Una carreggiata a doppio senso;Bagnato (pioggia);Asfaltata;Verticale ed orizzontale;Pioggia in atto;Normale;Sufficiente;Sufficiente;1;0;0;2;;;-1;1;Autovettura privata;In marcia / fermata / arresto;Conducente;M;Illeso;0;;Utilizzato;Inesistente
1937803;12;06/03/2013 20:30;Strada Urbana;VIALE AMERICA;da specificare;;;;altezza viale Shakespeare;Investimento di pedone;Rettilineo;Una carreggiata a doppio senso;Bagnato (pioggia);Asfaltata;Verticale ed orizzontale;Pioggia in atto;Normale;Sufficiente;Sufficiente;1;0;0;2;;;-1;1;Autovettura privata;In marcia / fermata / arresto;Passeggero;M;Illeso;0;;Utilizzato;Inesistente
1937804;1;06/03/2013 18:45;Strada Urbana;VIA EMANUELE FILIBERTO;in prossimità;;del civico n. ;287;;Investimento di pedone;Rettilineo;Una carreggiata a doppio senso;Bagnato (pioggia);Asfaltata;Verticale ed orizzontale;Pioggia in atto;Normale;Buona;Sufficiente;1;0;0;1;;;-1;;;;Pedone;M;Rimandato;0;NON DECEDUTO;;
1937804;1;06/03/2013 18:45;Strada Urbana;VIA EMANUELE FILIBERTO;in prossimità;;del civico n. ;287;;Investimento di pedone;Rettilineo;Una carreggiata a doppio senso;Bagnato (pioggia);Asfaltata;Verticale ed orizzontale;Pioggia in atto;Normale;Buona;Sufficiente;1;0;0;1;;;-1;1;Vettura tranviaria;In marcia / fermata / arresto;Conducente;M;Illeso;0;;Non accertato;Inesistente