Protocollo;Gruppo;DataOraIncidente;Localizzazione1;STRADA1;Localizzazione2;STRADA2;Strada02;Chilometrica;DaSpecificare;NaturaIncidente;particolaritastrade;TipoStrada;FondoStradale;Pavimentazione;Segnaletica;CondizioneAtmosferica;Traffico;Visibilita;Illuminazione;NUM_FERITI;NUM_RISERVATA;NUM_MORTI;NUM_ILLESI;Longitudine;Latitudine;Confermato;Progressivo;TipoVeicolo;StatoVeicolo;TipoPersona;Sesso;Tipolesione;Deceduto;DecedutoDopo;CinturaCascoUtilizzato;Airbag
1938004;4;08/03/2013 07:35;Strada Urbana;CORSO SEMPIONE;all'intersezione con;VIA GARGANO;VIA GARGANO;;;Scontro laterale fra veicoli in marcia;Incrocio;Più di due carreggiate;Asciutto;Asfaltata;Verticale ed orizzontale;Sereno;Intenso;Buona;Ore Diurne;0;0;0;4;;;-1;1;Autovettura privata;In marcia / fermata / arresto;Conducente;M;Illeso;0;;Non accertato;Inesploso
1938004;4;08/03/2013 07:35;Strada Urbana;CORSO SEMPIONE;all'intersezione con;VIA GARGANO;VIA GARGANO;;;Scontro laterale fra veicoli in marcia;Incrocio;Più di due carreggiate;Asciutto;Asfaltata;Verticale ed orizzontale;Sereno;Intenso;Buona;Ore Diurne;0;0;0;4;;;-1;1;Autovettura privata;In marcia / fermata / arresto;Passeggero;F;Illeso;0;;Non accertato;Inesploso
1938004;4;08/03/2013 07:35;Strada Urbana;CORSO SEMPIONE;all'intersezione con;VIA GARGANO;VIA GARGANO;;;Scontro laterale fra veicoli in marcia;Incrocio;Più di due carreggiate;Asciutto;Asfaltata;Verticale ed orizzontale;Sereno;Intenso;Buona;Ore Diurne;0;0;0;4;;;-1;2;Autovettura privata;In marcia / fermata / arresto;Conducente;M;Illeso;0;;Non accertato;Inesploso
1938004;4;08/03/2013 07:35;Strada Urbana;CORSO SEMPIONE;all'intersezione con;VIA GARGANO;VIA GARGANO;;;Scontro laterale fra veicoli in marcia;Incrocio;Più di due carreggiate;Asciutto;Asfaltata;Verticale ed orizzontale;Sereno;Intenso;Buona;Ore Diurne;0;0;0;4;;;-1;2;Autovettura privata;In marcia / fermata / arresto;Passeggero;F;Illeso;0;;Non accertato;Inesploso
1938005;4;08/03/2013 16:30;Strada Urbana;VIA VAL DI COGNE;in corrispondenza;;del civico n. ;04-giu;;Tamponamento Multiplo;Rettilineo;Una carreggiata a senso unico di marcia;Bagnato (umidità in atto);Asfaltata;Verticale ed orizzontale;Nuvoloso;Normale;Buona;Ore Diurne;0;0;0;4;;;-1;1;Autovettura privata;In marcia / fermata / arresto;Conducente;F;Illeso;0;;Non accertato;Inesploso
1938005;4;08/03/2013 16:30;Strada Urbana;VIA VAL DI COGNE;in corrispondenza;;del civico n. ;04-giu;;Tamponamento Multiplo;Rettilineo;Una carreggiata a senso unico di marcia;Bagnato (umidità in atto);Asfaltata;Verticale ed orizzontale;Nuvoloso;Normale;Buona;Ore Diurne;0;0;0;4;;;-1;2;Autovettura privata;In marcia / fermata / arresto;Conducente;M;Illeso;0;;Non accertato;Inesploso
1938005;4;08/03/2013 16:30;Strada Urbana;VIA VAL DI COGNE;in corrispondenza;;del civico n. ;04-giu;;Tamponamento Multiplo;Rettilineo;Una carreggiata a senso unico di marcia;Bagnato (umidità in atto);Asfaltata;Verticale ed orizzontale;Nuvoloso;Normale;Buona;Ore Diurne;0;0;0;4;;;-1;2;Autovettura privata;In marcia / fermata / arresto;Passeggero;F;Illeso;0;;Non accertato;Inesploso
1938005;4;08/03/2013 16:30;Strada Urbana;VIA VAL DI COGNE;in corrispondenza;;del civico n. ;04-giu;;Tamponamento Multiplo;Rettilineo;Una carreggiata a senso unico di marcia;Bagnato (umidità in atto);Asfaltata;Verticale ed orizzontale;Nuvoloso;Normale;Buona;Ore Diurne;0;0;0;4;;;-1;3;Autovettura privata;In marcia / fermata / arresto;Conducente;M;Illeso;0;;Non accertato;Inesploso
1938006;4;08/03/2013 03:00;Provinciale entro l'abitato;VIA NOMENTANA;in corrispondenza;;del civico n. ;1362;;Ribaltamento senza urto contro ostacolo fisso;Rettilineo;Una carreggiata a doppio senso;Bagnato (umidità in atto);Asfaltata;Orizzontale;Nuvoloso;Scarso;Sufficiente;Sufficiente;0;0;0;1;;;-1;1;Autovettura privata;In marcia / fermata / arresto;Conducente;M;Illeso;0;;Non accertato;Esploso
1938007;4;08/03/2013 09:35;Strada Urbana;VIALE PANTELLERIA;da specificare;;;;svincolo,inters.ne spratit.co alt. Via M.te Bianco;Scontro laterale fra veicoli in marcia;Curva a visuale libera;Due carreggiate;Asciutto;Asfaltata;Assente;Nuvoloso;Normale;Buona;Ore Diurne;0;0;0;2;;;-1;1;Autovettura privata;In marcia / fermata / arresto;Conducente;F;Illeso;0;;Non accertato;Inesistente
1938007;4;08/03/2013 09:35;Strada Urbana;VIALE PANTELLERIA;da specificare;;;;svincolo,inters.ne spratit.co alt. Via M.te Bianco;Scontro laterale fra veicoli in marcia;Curva a visuale libera;Due carreggiate;Asciutto;Asfaltata;Assente;Nuvoloso;Normale;Buona;Ore Diurne;0;0;0;2;;;-1;2;Autocarro inferiore 35 q.;In marcia / fermata / arresto;Conducente;M;Illeso;0;;Non accertato;Inesistente
1938008;1;06/03/2013 07:45;Strada Urbana;VIA DEL MONTE OPPIO;in corrispondenza;;del civico n. ;24;;Veicoli in marcia contro veicolo fermo;Rettilineo;Una carreggiata a senso unico di marcia;Asciutto;Asfaltata;Orizzontale;Nuvoloso;Normale;Buona;Ore Diurne;0;0;0;2;;;-1;1;Autovettura privata;In marcia / fermata / arresto;Conducente;M;Illeso;0;;Non accertato;Inesistente
1938008;1;06/03/2013 07:45;Strada Urbana;VIA DEL MONTE OPPIO;in corrispondenza;;del civico n. ;24;;Veicoli in marcia contro veicolo fermo;Rettilineo;Una carreggiata a senso unico di marcia;Asciutto;Asfaltata;Orizzontale;Nuvoloso;Normale;Buona;Ore Diurne;0;0;0;2;;;-1;2;Autovettura privata;In marcia / fermata / arresto;Conducente;M;Illeso;0;;Non accertato;Inesistente
1938009;1;07/03/2013 18:45;Strada Urbana;PIAZZA DI PORTA S. PAOLO;in corrispondenza;;del civico n. ;8;;Veicolo in marcia contro veicolo fermo;Curva a visuale libera;Una carreggiata a senso unico di marcia;Asciutto;In cubetti di porfido;Verticale ed orizzontale;Nuvoloso;Normale;Buona;Sufficiente;0;0;0;2;;;-1;1;Autovettura privata;In marcia / fermata / arresto;Conducente;M;Illeso;0;;Non accertato;Inesistente
1938009;1;07/03/2013 18:45;Strada Urbana;PIAZZA DI PORTA S. PAOLO;in corrispondenza;;del civico n. ;8;;Veicolo in marcia contro veicolo fermo;Curva a visuale libera;Una carreggiata a senso unico di marcia;Asciutto;In cubetti di porfido;Verticale ed orizzontale;Nuvoloso;Normale;Buona;Sufficiente;0;0;0;2;;;-1;2;Autovettura privata;In marcia / fermata / arresto;Conducente;F;Illeso;0;;Non accertato;
1938010;4;09/03/2013 00:45;Strada Urbana;VIA NOMENTANA;all'intersezione con;VIA MONTASIO;VIA MONTASIO;;;Infortunio per sola frenata improvvisa;Incrocio;Una carreggiata a doppio senso;Bagnato (pioggia);Asfaltata;Verticale ed orizzontale;Pioggia in atto;Scarso;Buona;Sufficiente;1;0;0;0;;;-1;1;Motociclo a solo;In marcia / fermata / arresto;Conducente;F;Rimandato;0;NON DECEDUTO;Non accertato;
1938011;1;07/03/2013 11:30;Strada Urbana;VIA DEI CERCHI;in corrispondenza;;del civico n. ;87;;Investimento di pedone;Rettilineo;Una carreggiata a senso unico di marcia;Asciutto;In cubetti di porfido;Verticale ed orizzontale;Nuvoloso;Normale;Buona;Ore Diurne;1;0;0;2;;;-1;;;;Pedone;M;Ricoverato;0;NON DECEDUTO;;
1938011;1;07/03/2013 11:30;Strada Urbana;VIA DEI CERCHI;in corrispondenza;;del civico n. ;87;;Investimento di pedone;Rettilineo;Una carreggiata a senso unico di marcia;Asciutto;In cubetti di porfido;Verticale ed orizzontale;Nuvoloso;Normale;Buona;Ore Diurne;1;0;0;2;;;-1;1;Autocarro inferiore 35 q.;In marcia / fermata / arresto;Conducente;M;Illeso;0;;Non accertato;Inesistente
1938011;1;07/03/2013 11:30;Strada Urbana;VIA DEI CERCHI;in corrispondenza;;del civico n. ;87;;Investimento di pedone;Rettilineo;Una carreggiata a senso unico di marcia;Asciutto;In cubetti di porfido;Verticale ed orizzontale;Nuvoloso;Normale;Buona;Ore Diurne;1;0;0;2;;;-1;1;Autocarro inferiore 35 q.;In marcia / fermata / arresto;Passeggero;M;Illeso;0;;Non accertato;Inesistente
1938012;1;07/03/2013 10:50;Strada Urbana;VIA PRINCIPE AMEDEO;in corrispondenza;;del civico n. ;7;;Veicoli in marcia contro veicolo fermo;Rettilineo;Una carreggiata a senso unico di marcia;Asciutto;Asfaltata;Verticale;Nuvoloso;Scarso;Buona;Ore Diurne;0;0;0;3;;;-1;1;Autocarro inferiore 35 q.;In marcia / fermata / arresto;Conducente;M;Illeso;0;;Non accertato;Inesistente
1938012;1;07/03/2013 10:50;Strada Urbana;VIA PRINCIPE AMEDEO;in corrispondenza;;del civico n. ;7;;Veicoli in marcia contro veicolo fermo;Rettilineo;Una carreggiata a senso unico di marcia;Asciutto;Asfaltata;Verticale;Nuvoloso;Scarso;Buona;Ore Diurne;0;0;0;3;;;-1;2;Autovettura pubblica;In marcia / fermata / arresto;Conducente;M;Illeso;0;;Non accertato;Inesistente
1938012;1;07/03/2013 10:50;Strada Urbana;VIA PRINCIPE AMEDEO;in corrispondenza;;del civico n. ;7;;Veicoli in marcia contro veicolo fermo;Rettilineo;Una carreggiata a senso unico di marcia;Asciutto;Asfaltata;Verticale;Nuvoloso;Scarso;Buona;Ore Diurne;0;0;0;3;;;-1;2;Autovettura pubblica;In marcia / fermata / arresto;Passeggero;M;Illeso;0;;Non accertato;Inesistente
1938013;1;07/03/2013 09:05;Strada Urbana;VIA CESARE BATTISTI;in prossimità;;del civico n. ;121;;Fuoriuscita dalla sede stradale;Rettilineo;Una carreggiata a doppio senso;Bagnato (pioggia);In cubetti di porfido;Orizzontale;Nuvoloso;Normale;Buona;Ore Diurne;1;0;0;0;;;-1;1;Motociclo a solo;In marcia / fermata / arresto;Conducente;M;Rimandato;0;NON DECEDUTO;Non accertato;Inesistente
1938014;1;08/03/2013 23:15;Strada Urbana;PONTE GIUSEPPE MAZZINI;in corrispondenza;;del palo luce n. ;7;;Tamponamento Multiplo;Rettilineo;Una carreggiata a doppio senso;Asciutto;Asfaltata;Verticale ed orizzontale;Nuvoloso;Normale;Sufficiente;Sufficiente;1;0;0;4;;;-1;1;Autovettura privata;In marcia / fermata / arresto;Conducente;M;Illeso;0;;Non accertato;Inesploso
1938014;1;08/03/2013 23:15;Strada Urbana;PONTE GIUSEPPE MAZZINI;in corrispondenza;;del palo luce n. ;7;;Tamponamento Multiplo;Rettilineo;Una carreggiata a doppio senso;Asciutto;Asfaltata;Verticale ed orizzontale;Nuvoloso;Normale;Sufficiente;Sufficiente;1;0;0;4;;;-1;1;Autovettura privata;In marcia / fermata / arresto;Passeggero;M;Illeso;0;;Non accertato;Inesploso
1938014;1;08/03/2013 23:15;Strada Urbana;PONTE GIUSEPPE MAZZINI;in corrispondenza;;del palo luce n. ;7;;Tamponamento Multiplo;Rettilineo;Una carreggiata a doppio senso;Asciutto;Asfaltata;Verticale ed orizzontale;Nuvoloso;Normale;Sufficiente;Sufficiente;1;0;0;4;;;-1;2;Autovettura privata;In marcia / fermata / arresto;Conducente;F;Illeso;0;;Non accertato;Inesploso
1938014;1;08/03/2013 23:15;Strada Urbana;PONTE GIUSEPPE MAZZINI;in corrispondenza;;del palo luce n. ;7;;Tamponamento Multiplo;Rettilineo;Una carreggiata a doppio senso;Asciutto;Asfaltata;Verticale ed orizzontale;Nuvoloso;Normale;Sufficiente;Sufficiente;1;0;0;4;;;-1;3;Autovettura privata;In marcia / fermata / arresto;Conducente;F;Illeso;0;;Non accertato;Inesploso
1938014;1;08/03/2013 23:15;Strada Urbana;PONTE GIUSEPPE MAZZINI;in corrispondenza;;del palo luce n. ;7;;Tamponamento Multiplo;Rettilineo;Una carreggiata a doppio senso;Asciutto;Asfaltata;Verticale ed orizzontale;Nuvoloso;Normale;Sufficiente;Sufficiente;1;0;0;4;;;-1;4;Autovettura privata;In marcia / fermata / arresto;Conducente;F;Rifiuta cure immediate;0;NON DECEDUTO;Non accertato;Inesploso
1938015;1;08/03/2013 14:10;Strada Urbana;VIA DEGLI ARTISTI;in prossimità;;del civico n. ;41;;Investimento di pedone;Rettilineo;Una carreggiata a senso unico di marcia;Bagnato (pioggia);Acciotolata;Verticale ed orizzontale;Pioggia in atto;Scarso;Buona;Ore Diurne;1;0;0;0;;;-1;;;;Pedone;M;Rimandato;0;NON DECEDUTO;;
1938016;1;08/03/2013 10:00;Strada Urbana;VIALE DELLA PIRAMIDE CESTIA;in prossimità;;del civico n. ;27;;Ribaltamento senza urto contro ostacolo fisso;Rettilineo;Più di due carreggiate;Bagnato (pioggia);In cubetti di porfido;Orizzontale;Pioggia in atto;Normale;Buona;Ore Diurne;1;0;0;0;;;-1;1;Motociclo a solo;In marcia / fermata / arresto;Conducente;F;Rimandato;0;NON DECEDUTO;Non accertato;Inesistente
1938017;1;08/03/2013 14:10;Strada Urbana;PIAZZA DI PORTA MAGGIORE;in prossimità;;del civico n.;10;;Scontro laterale fra veicoli in marcia;Rettilineo;Una carreggiata a senso unico di marcia;Bagnato (pioggia);Asfaltata;Verticale ed orizzontale;Pioggia in atto;Normale;Buona;Ore Diurne;0;0;0;2;12.51454;41.89216;-1;1;Autovettura privata;In marcia / fermata / arresto;Conducente;M;Illeso;0;;Non accertato;Inesistente
1938017;1;08/03/2013 14:10;Strada Urbana;PIAZZA DI PORTA MAGGIORE;in prossimità;;del civico n.;10;;Scontro laterale fra veicoli in marcia;Rettilineo;Una carreggiata a senso unico di marcia;Bagnato (pioggia);Asfaltata;Verticale ed orizzontale;Pioggia in atto;Normale;Buona;Ore Diurne;0;0;0;2;12.51454;41.89216;-1;2;Autovettura pubblica;In marcia / fermata / arresto;Conducente;M;Illeso;0;;Non accertato;Inesistente
1938018;1;08/03/2013 09:45;Strada Urbana;VIA CONTE VERDE;all'intersezione con;VIA LUIGI PIANCIANI;VIA LUIGI PIANCIANI;;;Scontro laterale fra veicoli in marcia;Incrocio;Una carreggiata a doppio senso;Bagnato (pioggia);Asfaltata;Verticale ed orizzontale;Pioggia in atto;Normale;Buona;Ore Diurne;1;0;0;1;;;-1;1;Autovettura privata;In marcia / fermata / arresto;Conducente;M;Illeso;0;;Non accertato;Inesistente
1938018;1;08/03/2013 09:45;Strada Urbana;VIA CONTE VERDE;all'intersezione con;VIA LUIGI PIANCIANI;VIA LUIGI PIANCIANI;;;Scontro laterale fra veicoli in marcia;Incrocio;Una carreggiata a doppio senso;Bagnato (pioggia);Asfaltata;Verticale ed orizzontale;Pioggia in atto;Normale;Buona;Ore Diurne;1;0;0;1;;;-1;2;Motociclo a solo;In marcia / fermata / arresto;Conducente;M;Ricoverato;0;NON DECEDUTO;Non accertato;Inesistente
1938019;13;09/03/2013 08:30;Strada Urbana;VIA LITORANEA;in prossimità;;della chilometrica ;8;;Fuoriuscita dalla sede stradale;Curva senza visuale libera;Una carreggiata a doppio senso;Asciutto;Asfaltata;Verticale ed orizzontale;Sereno;Scarso;Buona;Ore Diurne;1;0;0;0;;;-1;1;Autovettura privata;In marcia / fermata / arresto;Conducente;F;Rimandato;0;NON DECEDUTO;Non accertato;Inesistente
1938020;13;09/03/2013 15:30;Strada Urbana;LUNGOMARE AMERIGO VESPUCCI;in prossimità;;del civico n. ;80;;Veicolo in marcia contro ostacolo accidentale;Rettilineo;Una carreggiata a doppio senso;Asciutto;Asfaltata;Verticale ed orizzontale;Sereno;Scarso;Buona;Ore Diurne;0;0;0;1;;;-1;1;Autovettura privata;In marcia / fermata / arresto;Conducente;F;Illeso;0;;Non accertato;Inesploso
1938021;13;09/03/2013 20:00;Strada Urbana;VIA DI PONTE LADRONE;da specificare;;;;altezza ponte ferrovia;Veicolo in marcia contro ostacolo accidentale;Rettilineo;Una carreggiata a doppio senso;Asciutto;Con buche;Assente;Sereno;Normale;Buona;Sufficiente;0;0;0;1;;;-1;1;Autovettura privata;In marcia / fermata / arresto;Conducente;M;Illeso;0;;Non accertato;Inesploso
1938022;8;10/03/2013 01:30;Strada Urbana;VIA DI VERMICINO;all'intersezione con;VIA REGALBUTO;VIA REGALBUTO;;;Scontro frontale/laterale DX fra veicoli in marcia;Incrocio;Due carreggiate;Asciutto;Asfaltata;Assente;Sereno;Scarso;Sufficiente;Sufficiente;3;0;0;0;;;-1;1;Autovettura privata;In marcia / fermata / arresto;Conducente;F;Rimandato;0;NON DECEDUTO;Non accertato;Inesploso
1938022;8;10/03/2013 01:30;Strada Urbana;VIA DI VERMICINO;all'intersezione con;VIA REGALBUTO;VIA REGALBUTO;;;Scontro frontale/laterale DX fra veicoli in marcia;Incrocio;Due carreggiate;Asciutto;Asfaltata;Assente;Sereno;Scarso;Sufficiente;Sufficiente;3;0;0;0;;;-1;1;Autovettura privata;In marcia / fermata / arresto;Passeggero;F;Rimandato;0;NON DECEDUTO;Non accertato;Inesploso
1938022;8;10/03/2013 01:30;Strada Urbana;VIA DI VERMICINO;all'intersezione con;VIA REGALBUTO;VIA REGALBUTO;;;Scontro frontale/laterale DX fra veicoli in marcia;Incrocio;Due carreggiate;Asciutto;Asfaltata;Assente;Sereno;Scarso;Sufficiente;Sufficiente;3;0;0;0;;;-1;2;Autovettura privata;In marcia / fermata / arresto;Conducente;F;Rimandato;0;NON DECEDUTO;Non accertato;Inesploso
1938023;8;09/03/2013 12:20;Statale entro l'abitato;VIA CASILINA;all'intersezione semaforizzata con;VIA ENRICO GIGLIOLI;VIA ENRICO GIGLIOLI;;;Scontro laterale fra veicoli in marcia;Intersezione semaforizzata;Una carreggiata a doppio senso;Asciutto;Asfaltata;Verticale ed orizzontale;Nuvoloso;Normale;Buona;Ore Diurne;0;0;0;3;;;-1;1;Autovettura privata;In marcia / fermata / arresto;Conducente;F;Illeso;0;;Non accertato;Inesploso
1938023;8;09/03/2013 12:20;Statale entro l'abitato;VIA CASILINA;all'intersezione semaforizzata con;VIA ENRICO GIGLIOLI;VIA ENRICO GIGLIOLI;;;Scontro laterale fra veicoli in marcia;Intersezione semaforizzata;Una carreggiata a doppio senso;Asciutto;Asfaltata;Verticale ed orizzontale;Nuvoloso;Normale;Buona;Ore Diurne;0;0;0;3;;;-1;2;Autocarro inferiore 35 q.;In marcia / fermata / arresto;Conducente;;Illeso;0;;Non accertato;Inesploso
1938023;8;09/03/2013 12:20;Statale entro l'abitato;VIA CASILINA;all'intersezione semaforizzata con;VIA ENRICO GIGLIOLI;VIA ENRICO GIGLIOLI;;;Scontro laterale fra veicoli in marcia;Intersezione semaforizzata;Una carreggiata a doppio senso;Asciutto;Asfaltata;Verticale ed orizzontale;Nuvoloso;Normale;Buona;Ore Diurne;0;0;0;3;;;-1;2;Autocarro inferiore 35 q.;In marcia / fermata / arresto;Passeggero;M;Illeso;0;;Non accertato;Inesistente
1938024;8;09/03/2013 22:15;Strada Urbana;VIA DELLA FONTANA DEL FINOCCHIO;in prossimità;;del civico n. ;32;;Veicolo in marcia contro veicolo in sosta;Rettilineo;Una carreggiata a doppio senso;Asciutto;Asfaltata;Verticale ed orizzontale;Sereno;Scarso;Sufficiente;Sufficiente;0;0;0;1;;;-1;1;Autocarro inferiore 35 q.;In marcia / fermata / arresto;Conducente;M;Illeso;0;;Non accertato;Inesploso
1938025;16;09/03/2013 15:20;Strada Urbana;VIA AURELIA;in prossimità;;del civico n. ;1211;;Veicolo in marcia contro ostacolo accidentale;Curva a visuale libera;Una carreggiata a doppio senso;Asciutto;Asfaltata;Orizzontale;Sereno;Normale;Buona;Ore Diurne;0;0;0;3;;;-1;1;Autovettura privata;In marcia / fermata / arresto;Conducente;M;Illeso;0;;Non accertato;Inesistente
1938025;16;09/03/2013 15:20;Strada Urbana;VIA AURELIA;in prossimità;;del civico n. ;1211;;Veicolo in marcia contro ostacolo accidentale;Curva a visuale libera;Una carreggiata a doppio senso;Asciutto;Asfaltata;Orizzontale;Sereno;Normale;Buona;Ore Diurne;0;0;0;3;;;-1;1;Autovettura privata;In marcia / fermata / arresto;Passeggero;F;Illeso;0;;Non accertato;Inesistente
1938025;16;09/03/2013 15:20;Strada Urbana;VIA AURELIA;in prossimità;;del civico n. ;1211;;Veicolo in marcia contro ostacolo accidentale;Curva a visuale libera;Una carreggiata a doppio senso;Asciutto;Asfaltata;Orizzontale;Sereno;Normale;Buona;Ore Diurne;0;0;0;3;;;-1;1;Autovettura privata;In marcia / fermata / arresto;Passeggero;M;Illeso;0;;Non accertato;Inesistente
1938026;8;09/03/2013 17:30;Strada Urbana;VIA DI TOR BELLA MONACA;da specificare;;;;DIR. CASILINA ALTEZZA PALO ACEA 40;Veicolo in marcia contro ostacolo accidentale;Rettilineo;Due carreggiate;Asciutto;Strada pavimentata dissestata;Verticale ed orizzontale;Nuvoloso;Normale;Buona;Ore Diurne;0;0;0;2;;;-1;1;Autovettura privata;In marcia / fermata / arresto;Conducente;M;Illeso;0;;Non accertato;Inesploso
1938026;8;09/03/2013 17:30;Strada Urbana;VIA DI TOR BELLA MONACA;da specificare;;;;DIR. CASILINA ALTEZZA PALO ACEA 40;Veicolo in marcia contro ostacolo accidentale;Rettilineo;Due carreggiate;Asciutto;Strada pavimentata dissestata;Verticale ed orizzontale;Nuvoloso;Normale;Buona;Ore Diurne;0;0;0;2;;;-1;1;Autovettura privata;In marcia / fermata / arresto;Passeggero;F;Illeso;0;;Non accertato;Inesploso
1938027;8;09/03/2013 17:30;Strada Urbana;VIA DI TOR BELLA MONACA;da specificare;;;;dir casilina altezza palo acea 40;Veicolo in marcia contro ostacolo accidentale;Rettilineo;Due carreggiate;Asciutto;Con buche;Verticale ed orizzontale;Sereno;Intenso;Buona;Ore Diurne;0;0;0;2;;;-1;1;Autovettura privata;In marcia / fermata / arresto;Conducente;M;Illeso;0;;Non accertato;Inesploso
1938027;8;09/03/2013 17:30;Strada Urbana;VIA DI TOR BELLA MONACA;da specificare;;;;dir casilina altezza palo acea 40;Veicolo in marcia contro ostacolo accidentale;Rettilineo;Due carreggiate;Asciutto;Con buche;Verticale ed orizzontale;Sereno;Intenso;Buona;Ore Diurne;0;0;0;2;;;-1;1;Autovettura privata;In marcia / fermata / arresto;Passeggero;F;Illeso;0;;Non accertato;Inesploso
1938028;8;09/03/2013 11:20;Strada Urbana;VIA TORREMAGGIORE;da specificare;;;;fronte civico 9;Scontro frontale/laterale SX fra veicoli in marcia;Rettilineo;Una carreggiata a doppio senso;Asciutto;Asfaltata;Assente;Sereno;Scarso;Buona;Ore Diurne;0;0;0;2;;;-1;1;Autovettura privata;In marcia / fermata / arresto;Conducente;M;Illeso;0;;Non accertato;Inesploso
1938028;8;09/03/2013 11:20;Strada Urbana;VIA TORREMAGGIORE;da specificare;;;;fronte civico 9;Scontro frontale/laterale SX fra veicoli in marcia;Rettilineo;Una carreggiata a doppio senso;Asciutto;Asfaltata;Assente;Sereno;Scarso;Buona;Ore Diurne;0;0;0;2;;;-1;2;Autovettura privata;In marcia / fermata / arresto;Conducente;M;Illeso;0;;Non accertato;Inesploso
1938030;8;09/03/2013 13:45;Strada Urbana;VIA DI PASSO LOMBARDO;da specificare;;;;alt. uscita rampa autostrada RM-NA;Veicolo in marcia contro ostacolo accidentale;Curva a visuale libera;Una carreggiata a doppio senso;Asciutto;Con buche;Verticale ed orizzontale;Sereno;Normale;Sufficiente;Ore Diurne;0;0;0;2;;;-1;1;Autovettura privata;In marcia / fermata / arresto;Conducente;F;Illeso;0;;Non accertato;Inesploso
1938030;8;09/03/2013 13:45;Strada Urbana;VIA DI PASSO LOMBARDO;da specificare;;;;alt. uscita rampa autostrada RM-NA;Veicolo in marcia contro ostacolo accidentale;Curva a visuale libera;Una carreggiata a doppio senso;Asciutto;Con buche;Verticale ed orizzontale;Sereno;Normale;Sufficiente;Ore Diurne;0;0;0;2;;;-1;1;Autovettura privata;In marcia / fermata / arresto;Passeggero;F;Illeso;0;;Non accertato;Inesploso
1938031;16;09/03/2013 13:40;Strada Urbana;VIA LEONE XIII;in corrispondenza;;del palo luce n. ;9;;Tamponamento;Rettilineo;Due carreggiate;Asciutto;Asfaltata;Orizzontale;Sereno;Normale;Buona;Ore Diurne;0;0;0;4;;;-1;1;Autovettura privata;In marcia / fermata / arresto;Conducente;M;Illeso;0;;Non accertato;Inesistente
1938031;16;09/03/2013 13:40;Strada Urbana;VIA LEONE XIII;in corrispondenza;;del palo luce n. ;9;;Tamponamento;Rettilineo;Due carreggiate;Asciutto;Asfaltata;Orizzontale;Sereno;Normale;Buona;Ore Diurne;0;0;0;4;;;-1;2;Autovettura privata;In marcia / fermata / arresto;Conducente;M;Illeso;0;;Non accertato;Inesistente
1938031;16;09/03/2013 13:40;Strada Urbana;VIA LEONE XIII;in corrispondenza;;del palo luce n. ;9;;Tamponamento;Rettilineo;Due carreggiate;Asciutto;Asfaltata;Orizzontale;Sereno;Normale;Buona;Ore Diurne;0;0;0;4;;;-1;3;Autovettura privata;Sosta;Passeggero;M;Illeso;0;;Non utilizzato;Inesistente
1938031;16;09/03/2013 13:40;Strada Urbana;VIA LEONE XIII;in corrispondenza;;del palo luce n. ;9;;Tamponamento;Rettilineo;Due carreggiate;Asciutto;Asfaltata;Orizzontale;Sereno;Normale;Buona;Ore Diurne;0;0;0;4;;;-1;3;Autovettura privata;Sosta;Passeggero;M;Illeso;0;;Non accertato;Inesistente
1938032;12;08/03/2013 14:40;Provinciale;VIA ARDEATINA;all'intersezione con;VIA TORRI DI CASTEL DI LEVA;VIA TORRI DI CASTEL DI LEVA;;;Scontro frontale/laterale DX fra veicoli in marcia;Incrocio;Una carreggiata a doppio senso;Bagnato (pioggia);Asfaltata;Verticale ed orizzontale;Nuvoloso;Normale;Buona;Ore Diurne;0;0;0;2;;;-1;1;Autovettura privata;In marcia / fermata / arresto;Conducente;M;Illeso;0;;Utilizzato;Inesploso
1938032;12;08/03/2013 14:40;Provinciale;VIA ARDEATINA;all'intersezione con;VIA TORRI DI CASTEL DI LEVA;VIA TORRI DI CASTEL DI LEVA;;;Scontro frontale/laterale DX fra veicoli in marcia;Incrocio;Una carreggiata a doppio senso;Bagnato (pioggia);Asfaltata;Verticale ed orizzontale;Nuvoloso;Normale;Buona;Ore Diurne;0;0;0;2;;;-1;2;Autocarro superiore 35 q.;In marcia / fermata / arresto;Conducente;M;Illeso;0;;Esente;Inesploso
1938033;13;09/03/2013 22:00;Strada Urbana;VIA TANCREDI CHIARALUCE;in prossimità;;del civico n. ;71;;Veicolo in marcia contro ostacolo fisso;Curva a visuale libera;Una carreggiata a doppio senso;Asciutto;Asfaltata;Orizzontale;Sereno;Scarso;Buona;Sufficiente;1;0;0;0;;;-1;1;Autovettura privata;In marcia / fermata / arresto;Conducente;M;Rimandato;0;NON DECEDUTO;Non accertato;Inesistente
1938034;23;10/03/2013 01:00;Strada Urbana;VIA DI MACCHIA SAPONARA;in prossimità;;del civico n. ;54;;Veicolo in marcia contro ostacolo accidentale;Rettilineo;Una carreggiata a doppio senso;Asciutto;Asfaltata;Verticale ed orizzontale;Sereno;Scarso;Buona;Sufficiente;0;0;0;2;;;-1;1;Autovettura privata;In marcia / fermata / arresto;Conducente;F;Illeso;0;;Utilizzato;Inesploso