Protocollo;Gruppo;DataOraIncidente;Localizzazione1;STRADA1;Localizzazione2;STRADA2;Strada02;Chilometrica;DaSpecificare;NaturaIncidente;particolaritastrade;TipoStrada;FondoStradale;Pavimentazione;Segnaletica;CondizioneAtmosferica;Traffico;Visibilita;Illuminazione;NUM_FERITI;NUM_RISERVATA;NUM_MORTI;NUM_ILLESI;Longitudine;Latitudine;Confermato;Progressivo;TipoVeicolo;StatoVeicolo;TipoPersona;Sesso;Tipolesione;Deceduto;DecedutoDopo;CinturaCascoUtilizzato;Airbag
1939024;8;08/03/2013 11:45;Strada Urbana;VIA PARTANNA;all'intersezione con;VIA SALEMI;VIA SALEMI;;;Scontro frontale/laterale SX fra veicoli in marcia;Incrocio;Una carreggiata a doppio senso;Asciutto;Asfaltata;Orizzontale;Sereno;Scarso;Sufficiente;Ore Diurne;1;0;0;1;;;-1;1;Autovettura privata;In marcia / fermata / arresto;Conducente;F;Rimandato;0;NON DECEDUTO;Non accertato;Inesistente
1939024;8;08/03/2013 11:45;Strada Urbana;VIA PARTANNA;all'intersezione con;VIA SALEMI;VIA SALEMI;;;Scontro frontale/laterale SX fra veicoli in marcia;Incrocio;Una carreggiata a doppio senso;Asciutto;Asfaltata;Orizzontale;Sereno;Scarso;Sufficiente;Ore Diurne;1;0;0;1;;;-1;2;Autovettura privata;In marcia / fermata / arresto;Conducente;M;Illeso;0;;Non accertato;Inesistente
1939025;19;18/03/2013 10:20;Strada Urbana;GALLERIA GIOVANNI XXIII;da specificare;;;;rampa ingresso Via Pieve di Cadore;Veicolo in marcia contro ostacolo fisso;Curva senza visuale libera;Una carreggiata a senso unico di marcia;Bagnato (pioggia);Asfaltata;Orizzontale;Pioggia in atto;Normale;Sufficiente;Ore Diurne;0;0;0;2;;;-1;1;Autocarro inferiore 35 q.;In marcia / fermata / arresto;Conducente;M;Illeso;0;;Non accertato;Inesistente
1939025;19;18/03/2013 10:20;Strada Urbana;GALLERIA GIOVANNI XXIII;da specificare;;;;rampa ingresso Via Pieve di Cadore;Veicolo in marcia contro ostacolo fisso;Curva senza visuale libera;Una carreggiata a senso unico di marcia;Bagnato (pioggia);Asfaltata;Orizzontale;Pioggia in atto;Normale;Sufficiente;Ore Diurne;0;0;0;2;;;-1;1;Autocarro inferiore 35 q.;In marcia / fermata / arresto;Passeggero;M;Illeso;0;;Non accertato;Inesistente
1939026;11;18/03/2013 09:30;Strada Urbana;VIA CRISTOFORO COLOMBO;da specificare;;;;100 mt. prima di VIA OROPA.;Tamponamento Multiplo;Rettilineo;Più di due carreggiate;Bagnato (umidità in atto);Asfaltata;Orizzontale;Nuvoloso;Normale;Buona;Ore Diurne;1;0;0;5;;;-1;1;Autovettura privata;In marcia / fermata / arresto;Conducente;M;Illeso;0;;Utilizzato;Inesistente
1939026;11;18/03/2013 09:30;Strada Urbana;VIA CRISTOFORO COLOMBO;da specificare;;;;100 mt. prima di VIA OROPA.;Tamponamento Multiplo;Rettilineo;Più di due carreggiate;Bagnato (umidità in atto);Asfaltata;Orizzontale;Nuvoloso;Normale;Buona;Ore Diurne;1;0;0;5;;;-1;2;Autovettura privata;In marcia / fermata / arresto;Conducente;M;Illeso;0;;Utilizzato;Inesistente
1939026;11;18/03/2013 09:30;Strada Urbana;VIA CRISTOFORO COLOMBO;da specificare;;;;100 mt. prima di VIA OROPA.;Tamponamento Multiplo;Rettilineo;Più di due carreggiate;Bagnato (umidità in atto);Asfaltata;Orizzontale;Nuvoloso;Normale;Buona;Ore Diurne;1;0;0;5;;;-1;2;Autovettura privata;In marcia / fermata / arresto;Passeggero;F;Illeso;0;;Utilizzato;Inesistente
1939026;11;18/03/2013 09:30;Strada Urbana;VIA CRISTOFORO COLOMBO;da specificare;;;;100 mt. prima di VIA OROPA.;Tamponamento Multiplo;Rettilineo;Più di due carreggiate;Bagnato (umidità in atto);Asfaltata;Orizzontale;Nuvoloso;Normale;Buona;Ore Diurne;1;0;0;5;;;-1;3;Autovettura privata;In marcia / fermata / arresto;Conducente;F;Rimandato;0;NON DECEDUTO;Utilizzato;Inesistente
1939026;11;18/03/2013 09:30;Strada Urbana;VIA CRISTOFORO COLOMBO;da specificare;;;;100 mt. prima di VIA OROPA.;Tamponamento Multiplo;Rettilineo;Più di due carreggiate;Bagnato (umidità in atto);Asfaltata;Orizzontale;Nuvoloso;Normale;Buona;Ore Diurne;1;0;0;5;;;-1;4;Autovettura privata;In marcia / fermata / arresto;Conducente;F;Illeso;0;;Utilizzato;Inesistente
1939026;11;18/03/2013 09:30;Strada Urbana;VIA CRISTOFORO COLOMBO;da specificare;;;;100 mt. prima di VIA OROPA.;Tamponamento Multiplo;Rettilineo;Più di due carreggiate;Bagnato (umidità in atto);Asfaltata;Orizzontale;Nuvoloso;Normale;Buona;Ore Diurne;1;0;0;5;;;-1;5;Autovettura privata;In marcia / fermata / arresto;Conducente;F;Illeso;0;;Utilizzato;Inesistente
1939027;19;18/03/2013 18:00;Strada Urbana;VIA MATTIA BATTISTINI;in corrispondenza;;del civico n. ;216;;Scontro frontale/laterale SX fra veicoli in marcia;Rettilineo;Una carreggiata a doppio senso;Asciutto;Asfaltata;Orizzontale;Nuvoloso;Normale;Buona;Ore Diurne;1;0;0;1;;;-1;1;Autovettura privata;In marcia / fermata / arresto;Conducente;M;Illeso;0;;Non accertato;Inesistente
1939027;19;18/03/2013 18:00;Strada Urbana;VIA MATTIA BATTISTINI;in corrispondenza;;del civico n. ;216;;Scontro frontale/laterale SX fra veicoli in marcia;Rettilineo;Una carreggiata a doppio senso;Asciutto;Asfaltata;Orizzontale;Nuvoloso;Normale;Buona;Ore Diurne;1;0;0;1;;;-1;2;Motociclo a solo;In marcia / fermata / arresto;Conducente;M;Ricoverato;0;NON DECEDUTO;Esente;Inesistente
1939028;19;18/03/2013 12:40;Strada Urbana;GALLERIA GIOVANNI XXIII;in prossimità;;della chilometrica ;1.600;;Tamponamento;Galleria illuminata;Una carreggiata a senso unico di marcia;Bagnato (pioggia);Asfaltata;Verticale ed orizzontale;Sereno;Normale;Buona;Ore Diurne;1;0;0;0;;;-1;2;Autovettura privata;In marcia / fermata / arresto;Conducente;F;Rimandato;0;NON DECEDUTO;Non accertato;Inesistente
1939029;7;18/03/2013 18:45;Strada Urbana;VIA DEGLI ELCI;in prossimità;;del civico n. ;25;;Scontro frontale fra veicoli in marcia;Rettilineo;Una carreggiata a doppio senso;Asciutto;Asfaltata;Assente;Nuvoloso;Scarso;Buona;Sufficiente;0;0;0;4;;;-1;1;Autocarro inferiore 35 q.;In marcia / fermata / arresto;Passeggero;M;Illeso;0;;Non accertato;Inesistente
1939029;7;18/03/2013 18:45;Strada Urbana;VIA DEGLI ELCI;in prossimità;;del civico n. ;25;;Scontro frontale fra veicoli in marcia;Rettilineo;Una carreggiata a doppio senso;Asciutto;Asfaltata;Assente;Nuvoloso;Scarso;Buona;Sufficiente;0;0;0;4;;;-1;1;Autocarro inferiore 35 q.;In marcia / fermata / arresto;Conducente;M;Illeso;0;;Non accertato;Inesistente
1939029;7;18/03/2013 18:45;Strada Urbana;VIA DEGLI ELCI;in prossimità;;del civico n. ;25;;Scontro frontale fra veicoli in marcia;Rettilineo;Una carreggiata a doppio senso;Asciutto;Asfaltata;Assente;Nuvoloso;Scarso;Buona;Sufficiente;0;0;0;4;;;-1;1;Autocarro inferiore 35 q.;In marcia / fermata / arresto;Passeggero;F;Illeso;0;;Non accertato;Inesistente
1939029;7;18/03/2013 18:45;Strada Urbana;VIA DEGLI ELCI;in prossimità;;del civico n. ;25;;Scontro frontale fra veicoli in marcia;Rettilineo;Una carreggiata a doppio senso;Asciutto;Asfaltata;Assente;Nuvoloso;Scarso;Buona;Sufficiente;0;0;0;4;;;-1;2;Autovettura privata;In marcia / fermata / arresto;Conducente;F;Illeso;0;;Non accertato;Inesistente
1939030;13;18/03/2013 14:45;Strada Urbana;VIA ALBERTO FRANCHETTI;da specificare;;;;prossimità Via W. Ferrari;Veicolo in marcia contro ostacolo fisso;Rettilineo;Una carreggiata a doppio senso;Bagnato (pioggia);Con buche;Assente;Pioggia in atto;Scarso;Sufficiente;Ore Diurne;0;0;0;1;;;-1;1;Autovettura privata;In marcia / fermata / arresto;Conducente;F;Illeso;0;;Non accertato;Inesploso
1939031;20;18/03/2013 09:30;Strada Urbana;VIA DEL FORO ITALICO;da specificare;;;;altezza C.so Francia direz. Stadio Olimpico;Tamponamento Multiplo;Rettilineo;Due carreggiate;Bagnato (pioggia);Asfaltata;Verticale ed orizzontale;Nuvoloso;Intenso;Buona;Ore Diurne;2;0;0;3;;;-1;1;Autovettura privata;In marcia / fermata / arresto;Conducente;M;Illeso;0;;Non accertato;Inesploso
1939031;20;18/03/2013 09:30;Strada Urbana;VIA DEL FORO ITALICO;da specificare;;;;altezza C.so Francia direz. Stadio Olimpico;Tamponamento Multiplo;Rettilineo;Due carreggiate;Bagnato (pioggia);Asfaltata;Verticale ed orizzontale;Nuvoloso;Intenso;Buona;Ore Diurne;2;0;0;3;;;-1;2;Autovettura privata;In marcia / fermata / arresto;Conducente;M;Rifiuta cure immediate;0;NON DECEDUTO;Non accertato;Inesploso
1939031;20;18/03/2013 09:30;Strada Urbana;VIA DEL FORO ITALICO;da specificare;;;;altezza C.so Francia direz. Stadio Olimpico;Tamponamento Multiplo;Rettilineo;Due carreggiate;Bagnato (pioggia);Asfaltata;Verticale ed orizzontale;Nuvoloso;Intenso;Buona;Ore Diurne;2;0;0;3;;;-1;3;Autovettura privata;In marcia / fermata / arresto;Conducente;M;Rimandato;0;NON DECEDUTO;Non accertato;Inesploso
1939031;20;18/03/2013 09:30;Strada Urbana;VIA DEL FORO ITALICO;da specificare;;;;altezza C.so Francia direz. Stadio Olimpico;Tamponamento Multiplo;Rettilineo;Due carreggiate;Bagnato (pioggia);Asfaltata;Verticale ed orizzontale;Nuvoloso;Intenso;Buona;Ore Diurne;2;0;0;3;;;-1;4;Autocarro inferiore 35 q.;In marcia / fermata / arresto;Conducente;M;Illeso;0;;Non accertato;Inesploso
1939031;20;18/03/2013 09:30;Strada Urbana;VIA DEL FORO ITALICO;da specificare;;;;altezza C.so Francia direz. Stadio Olimpico;Tamponamento Multiplo;Rettilineo;Due carreggiate;Bagnato (pioggia);Asfaltata;Verticale ed orizzontale;Nuvoloso;Intenso;Buona;Ore Diurne;2;0;0;3;;;-1;4;Autocarro inferiore 35 q.;In marcia / fermata / arresto;Passeggero;M;Illeso;0;;Non accertato;Inesploso
1939032;20;18/03/2013 13:20;Strada Urbana;VIALE DI TOR DI QUINTO;in prossimità;;del civico n. ;119;;Veicolo in marcia contro ostacolo fisso;Curva a visuale libera;Una carreggiata a doppio senso;Bagnato (pioggia);Asfaltata;Verticale ed orizzontale;Pioggia in atto;Intenso;Sufficiente;Ore Diurne;1;0;0;0;;;-1;1;Autovettura privata;In marcia / fermata / arresto;Conducente;F;Ricoverato;0;NON DECEDUTO;Non accertato;Inesistente
1939033;5;18/03/2013 12:20;Strada Urbana;Tangenziale Est direzione S. Giovanni;da specificare;;;;altezza Batteria Nomentana;Scontro laterale fra veicoli in marcia;Galleria illuminata;Due carreggiate;Bagnato (umidità in atto);Asfaltata;Verticale ed orizzontale;Nuvoloso;Normale;Buona;Sufficiente;1;0;0;1;;;-1;1;Autovettura privata;In marcia / fermata / arresto;Conducente;M;Illeso;0;;Non accertato;Inesistente
1939033;5;18/03/2013 12:20;Strada Urbana;Tangenziale Est direzione S. Giovanni;da specificare;;;;altezza Batteria Nomentana;Scontro laterale fra veicoli in marcia;Galleria illuminata;Due carreggiate;Bagnato (umidità in atto);Asfaltata;Verticale ed orizzontale;Nuvoloso;Normale;Buona;Sufficiente;1;0;0;1;;;-1;2;Autovettura privata;In marcia / fermata / arresto;Conducente;M;Rimandato;0;NON DECEDUTO;Non accertato;Inesistente
1939034;5;18/03/2013 13:05;Provinciale;VIA BELMONTE IN SABINA;da specificare;;;;direz. G.R.A. altezza cavalcavia;Ribaltamento senza urto contro ostacolo fisso;Curva a visuale libera;Due carreggiate;Bagnato (pioggia);Asfaltata;Verticale ed orizzontale;Pioggia in atto;Normale;Buona;Ore Diurne;1;0;0;0;;;-1;1;Autovettura privata;In marcia / fermata / arresto;Conducente;F;Rimandato;0;NON DECEDUTO;Non accertato;Inesistente
1939035;13;18/03/2013 18:00;Strada Urbana;VIA AGOSTINO CHIGI;da specificare;;;;in prossimità di Via E.Q.Giglioli;Veicolo in marcia contro ostacolo fisso;Rettilineo;Una carreggiata a doppio senso;Bagnato (pioggia);Con buche;Assente;Nuvoloso;Normale;Sufficiente;Ore Diurne;0;0;0;1;;;-1;1;Autovettura privata;In marcia / fermata / arresto;Conducente;F;Illeso;0;;Non accertato;Inesploso
1939036;5;18/03/2013 13:10;Provinciale;VIA BELMONTE IN SABINA;da specificare;;;;direz. G.R.A. altezza cavalcavia;Veicolo in marcia contro veicolo fermo;Curva a visuale libera;Due carreggiate;Bagnato (pioggia);Asfaltata;Verticale ed orizzontale;Pioggia in atto;Normale;Buona;Ore Diurne;1;0;0;1;;;-1;1;Autovettura privata;In marcia / fermata / arresto;Conducente;M;Rimandato;0;NON DECEDUTO;Non accertato;Inesistente
1939036;5;18/03/2013 13:10;Provinciale;VIA BELMONTE IN SABINA;da specificare;;;;direz. G.R.A. altezza cavalcavia;Veicolo in marcia contro veicolo fermo;Curva a visuale libera;Due carreggiate;Bagnato (pioggia);Asfaltata;Verticale ed orizzontale;Pioggia in atto;Normale;Buona;Ore Diurne;1;0;0;1;;;-1;2;Autovettura privata;In marcia / fermata / arresto;Conducente;M;Illeso;0;;Non accertato;Inesistente
1939037;5;18/03/2013 16:30;Strada Urbana;PIAZZALE HEGEL;in prossimità;;del civico n. ;68;;Investimento di pedone;Rettilineo;Due carreggiate;Bagnato (pioggia);Asfaltata;Verticale ed orizzontale;Pioggia in atto;Normale;Buona;Ore Diurne;1;0;0;1;;;-1;;;;Pedone;F;Rimandato;0;NON DECEDUTO;;
1939037;5;18/03/2013 16:30;Strada Urbana;PIAZZALE HEGEL;in prossimità;;del civico n. ;68;;Investimento di pedone;Rettilineo;Due carreggiate;Bagnato (pioggia);Asfaltata;Verticale ed orizzontale;Pioggia in atto;Normale;Buona;Ore Diurne;1;0;0;1;;;-1;1;Motociclo a solo;In marcia / fermata / arresto;Conducente;M;Illeso;0;;Non accertato;Inesistente
1939038;5;18/03/2013 18:30;Statale entro l'abitato;VIA TIBURTINA;all'intersezione semaforizzata con;VIA DI CASAL DEI PAZZI;VIA DI CASAL DEI PAZZI;;;Scontro frontale/laterale DX fra veicoli in marcia;Incrocio;Due carreggiate;Asciutto;Asfaltata;Verticale ed orizzontale;Sereno;Normale;Sufficiente;Sufficiente;0;0;0;2;;;-1;1;Autovettura privata;In marcia / fermata / arresto;Conducente;M;Illeso;0;;Non accertato;Inesistente
1939038;5;18/03/2013 18:30;Statale entro l'abitato;VIA TIBURTINA;all'intersezione semaforizzata con;VIA DI CASAL DEI PAZZI;VIA DI CASAL DEI PAZZI;;;Scontro frontale/laterale DX fra veicoli in marcia;Incrocio;Due carreggiate;Asciutto;Asfaltata;Verticale ed orizzontale;Sereno;Normale;Sufficiente;Sufficiente;0;0;0;2;;;-1;2;Autovettura privata;In marcia / fermata / arresto;Conducente;F;Illeso;0;;Non accertato;Inesistente
1939039;5;18/03/2013 20:00;Strada Urbana;VIALE PALMIRO TOGLIATTI;in prossimità;;del civico n. ;1589;;Veicolo in marcia contro ostacolo fisso;Rettilineo;Due carreggiate;Asciutto;Asfaltata;Verticale ed orizzontale;Sereno;Normale;Sufficiente;Sufficiente;0;0;0;1;;;-1;1;Autovettura privata;In marcia / fermata / arresto;Conducente;M;Illeso;0;;Non accertato;Inesistente
1939041;7;18/03/2013 23:15;Strada Urbana;VIALE PALMIRO TOGLIATTI;all'intersezione semaforizzata con;VIA OSTUNI;VIA OSTUNI;;;Scontro frontale fra veicoli in marcia;Incrocio;Due carreggiate;Asciutto;Asfaltata;Verticale ed orizzontale;Sereno;Scarso;Sufficiente;Sufficiente;0;0;0;2;;;-1;1;Autovettura privata;In marcia / fermata / arresto;Conducente;M;Illeso;0;;Non accertato;Inesploso
1939041;7;18/03/2013 23:15;Strada Urbana;VIALE PALMIRO TOGLIATTI;all'intersezione semaforizzata con;VIA OSTUNI;VIA OSTUNI;;;Scontro frontale fra veicoli in marcia;Incrocio;Due carreggiate;Asciutto;Asfaltata;Verticale ed orizzontale;Sereno;Scarso;Sufficiente;Sufficiente;0;0;0;2;;;-1;2;Autovettura privata;In marcia / fermata / arresto;Conducente;M;Illeso;0;;Non accertato;Inesploso
1939042;1;18/03/2013 11:30;Strada Urbana;LUNGOTEVERE TESTACCIO;all'intersezione con;VIA ORAZIO ANTINORI;VIA ORAZIO ANTINORI;;;Scontro laterale fra veicoli in marcia;Intersezione stradale segnalata;Una carreggiata a doppio senso;Bagnato (pioggia);Asfaltata;Verticale ed orizzontale;Pioggia in atto;Normale;Buona;Ore Diurne;0;0;0;2;;;-1;1;Autovettura privata;In marcia / fermata / arresto;Conducente;M;Illeso;0;;Non accertato;Inesistente
1939042;1;18/03/2013 11:30;Strada Urbana;LUNGOTEVERE TESTACCIO;all'intersezione con;VIA ORAZIO ANTINORI;VIA ORAZIO ANTINORI;;;Scontro laterale fra veicoli in marcia;Intersezione stradale segnalata;Una carreggiata a doppio senso;Bagnato (pioggia);Asfaltata;Verticale ed orizzontale;Pioggia in atto;Normale;Buona;Ore Diurne;0;0;0;2;;;-1;2;Autovettura privata;In marcia / fermata / arresto;Conducente;M;Illeso;0;;Utilizzato;Inesistente
1939043;12;18/03/2013 14:50;Strada Urbana;VIA RICCARDO BOSCHIERO;da specificare;;;;pross. e direzione Via C. Colombo (alt. AMA);Veicolo in marcia contro ostacolo accidentale;Rettilineo;Una carreggiata a doppio senso;Bagnato (pioggia);Con buche;Verticale ed orizzontale;Sereno;Scarso;Buona;Ore Diurne;0;0;0;1;;;-1;1;Autovettura privata;In marcia / fermata / arresto;Conducente;M;Illeso;0;;Utilizzato;Inesistente
1939044;12;18/03/2013 12:30;Strada Urbana;VIA DI TRIGORIA;da specificare;;;;fronte civico 248;Veicolo in marcia contro ostacolo accidentale;Rettilineo;Una carreggiata a doppio senso;Bagnato (pioggia);Asfaltata;Verticale ed orizzontale;Pioggia in atto;Scarso;Buona;Ore Diurne;0;0;0;3;;;-1;1;Autovettura privata;In marcia / fermata / arresto;Conducente;F;Illeso;0;;Utilizzato;Inesploso
1939044;12;18/03/2013 12:30;Strada Urbana;VIA DI TRIGORIA;da specificare;;;;fronte civico 248;Veicolo in marcia contro ostacolo accidentale;Rettilineo;Una carreggiata a doppio senso;Bagnato (pioggia);Asfaltata;Verticale ed orizzontale;Pioggia in atto;Scarso;Buona;Ore Diurne;0;0;0;3;;;-1;1;Autovettura privata;In marcia / fermata / arresto;Passeggero;F;Illeso;0;;Utilizzato;Inesploso
1939044;12;18/03/2013 12:30;Strada Urbana;VIA DI TRIGORIA;da specificare;;;;fronte civico 248;Veicolo in marcia contro ostacolo accidentale;Rettilineo;Una carreggiata a doppio senso;Bagnato (pioggia);Asfaltata;Verticale ed orizzontale;Pioggia in atto;Scarso;Buona;Ore Diurne;0;0;0;3;;;-1;1;Autovettura privata;In marcia / fermata / arresto;Passeggero;F;Illeso;0;;Utilizzato;Inesploso
1939045;1;18/03/2013 19:50;Strada Urbana;VIA ELENIANA;all'intersezione con;PIAZZALE LABICANO;PIAZZALE LABICANO;;;Scontro laterale fra veicoli in marcia;Incrocio;Una carreggiata a senso unico di marcia;Asciutto;Asfaltata;Verticale ed orizzontale;Sereno;Normale;Sufficiente;Sufficiente;0;0;0;3;;;-1;1;Autovettura privata;In marcia / fermata / arresto;Conducente;M;Illeso;0;;Non accertato;Inesistente
1939045;1;18/03/2013 19:50;Strada Urbana;VIA ELENIANA;all'intersezione con;PIAZZALE LABICANO;PIAZZALE LABICANO;;;Scontro laterale fra veicoli in marcia;Incrocio;Una carreggiata a senso unico di marcia;Asciutto;Asfaltata;Verticale ed orizzontale;Sereno;Normale;Sufficiente;Sufficiente;0;0;0;3;;;-1;2;Altro;In marcia / fermata / arresto;Conducente;M;Illeso;0;;Non accertato;Inesistente
1939045;1;18/03/2013 19:50;Strada Urbana;VIA ELENIANA;all'intersezione con;PIAZZALE LABICANO;PIAZZALE LABICANO;;;Scontro laterale fra veicoli in marcia;Incrocio;Una carreggiata a senso unico di marcia;Asciutto;Asfaltata;Verticale ed orizzontale;Sereno;Normale;Sufficiente;Sufficiente;0;0;0;3;;;-1;2;Altro;In marcia / fermata / arresto;Passeggero;M;Illeso;0;;Non accertato;Inesistente
1939046;9;18/03/2013 11:30;Strada Urbana;VIA ALBA;da specificare;;;;ALTEZZA VIA APPIA NUOVA;Investimento di pedone;Rettilineo;Una carreggiata a senso unico di marcia;Bagnato (pioggia);Asfaltata;Verticale ed orizzontale;Pioggia in atto;Scarso;Buona;Ore Diurne;1;0;0;1;;;-1;;;;Pedone;F;Rimandato;0;NON DECEDUTO;;
1939046;9;18/03/2013 11:30;Strada Urbana;VIA ALBA;da specificare;;;;ALTEZZA VIA APPIA NUOVA;Investimento di pedone;Rettilineo;Una carreggiata a senso unico di marcia;Bagnato (pioggia);Asfaltata;Verticale ed orizzontale;Pioggia in atto;Scarso;Buona;Ore Diurne;1;0;0;1;;;-1;1;Autovettura privata;In marcia / fermata / arresto;Conducente;F;Illeso;0;;Non accertato;Inesistente
1939047;4;16/03/2013 15:15;Strada Urbana;VIA RENATO FUCINI;in corrispondenza;;del civico n. ;8;;Scontro laterale fra veicoli in marcia;Rettilineo;Due carreggiate;Asciutto;Asfaltata;Verticale ed orizzontale;Sereno;Normale;Buona;Ore Diurne;0;0;0;2;;;-1;1;Autovettura privata;In marcia / fermata / arresto;Conducente;M;Illeso;0;;Non accertato;Inesistente
1939047;4;16/03/2013 15:15;Strada Urbana;VIA RENATO FUCINI;in corrispondenza;;del civico n. ;8;;Scontro laterale fra veicoli in marcia;Rettilineo;Due carreggiate;Asciutto;Asfaltata;Verticale ed orizzontale;Sereno;Normale;Buona;Ore Diurne;0;0;0;2;;;-1;2;Autovettura privata;In marcia / fermata / arresto;Conducente;M;Illeso;0;;Non accertato;Inesistente
1939048;4;18/03/2013 08:10;Provinciale entro l'abitato;VIA NOMENTANA;all'intersezione con;VIA VAL D'AOSTA;VIA VAL D'AOSTA;;;Tamponamento;Incrocio;Più di due carreggiate;Bagnato (pioggia);Asfaltata;Verticale ed orizzontale;Nuvoloso;Normale;Sufficiente;Ore Diurne;0;0;0;2;;;-1;1;Autovettura privata;In marcia / fermata / arresto;Conducente;;Illeso;0;;Non accertato;Inesploso
1939048;4;18/03/2013 08:10;Provinciale entro l'abitato;VIA NOMENTANA;all'intersezione con;VIA VAL D'AOSTA;VIA VAL D'AOSTA;;;Tamponamento;Incrocio;Più di due carreggiate;Bagnato (pioggia);Asfaltata;Verticale ed orizzontale;Nuvoloso;Normale;Sufficiente;Ore Diurne;0;0;0;2;;;-1;2;Motociclo a solo;In marcia / fermata / arresto;Conducente;F;Illeso;0;;Utilizzato;Inesistente
1939049;12;18/03/2013 15:40;Strada Urbana;VIA CRISTOFORO COLOMBO;da specificare;;;;DIREZIONE G.R.A. ALTEZZA SHERATON;Veicolo in marcia contro ostacolo accidentale;Rettilineo;Più di due carreggiate;Bagnato (pioggia);Asfaltata;Verticale ed orizzontale;Pioggia in atto;Normale;Sufficiente;Ore Diurne;1;0;0;0;;;-1;1;Autovettura privata;In marcia / fermata / arresto;Conducente;M;Rifiuta cure immediate;0;NON DECEDUTO;Utilizzato;Inesploso
1939050;4;18/03/2013 17:00;Strada Urbana;VIA VAL D'AOSTA;all'intersezione con;VIA CAPO MISENO;VIA CAPO MISENO;;;Scontro frontale/laterale SX fra veicoli in marcia;Incrocio;Una carreggiata a doppio senso;Bagnato (pioggia);Asfaltata;Verticale ed orizzontale;Nuvoloso;Normale;Buona;Ore Diurne;0;0;0;2;;;-1;1;Motociclo a solo;In marcia / fermata / arresto;Conducente;M;Illeso;0;;Non accertato;Inesistente
1939050;4;18/03/2013 17:00;Strada Urbana;VIA VAL D'AOSTA;all'intersezione con;VIA CAPO MISENO;VIA CAPO MISENO;;;Scontro frontale/laterale SX fra veicoli in marcia;Incrocio;Una carreggiata a doppio senso;Bagnato (pioggia);Asfaltata;Verticale ed orizzontale;Nuvoloso;Normale;Buona;Ore Diurne;0;0;0;2;;;-1;2;Autovettura privata;In marcia / fermata / arresto;Conducente;M;Illeso;0;;Non accertato;Inesploso
1939051;12;19/03/2013 00:15;Provinciale;VIA ARDEATINA;in prossimità;;del civico n. ;1330;;Veicolo in marcia contro ostacolo fisso;Rettilineo;Una carreggiata a doppio senso;Bagnato (umidità in atto);Con buche;Orizzontale;Sereno;Scarso;Sufficiente;Sufficiente;0;0;0;1;;;-1;1;Autovettura privata;In marcia / fermata / arresto;Conducente;F;Illeso;0;;Utilizzato;Inesistente
1939052;4;18/03/2013 15:40;Strada Urbana;VIA DI SETTEBAGNI;da specificare;;;;direz. V. Bufalotta alt. sottopasso Ag. Entrate;Veicolo in marcia contro ostacolo fisso;Sottopasso illuminato;Una carreggiata a senso unico di marcia;Asciutto;Asfaltata;Orizzontale;Nuvoloso;Normale;Buona;Ore Diurne;0;0;0;1;;;-1;1;Autovettura privata;In marcia / fermata / arresto;Conducente;M;Illeso;0;;Non accertato;Inesistente
1939053;1;15/03/2013 19:20;Strada Urbana;LARGO DI S. SUSANNA;da specificare;;;;ROTATORIA PER INVERSIONE DA VIA XX SETTEMBRE;Scontro laterale fra veicoli in marcia;Rotatoria;Più di due carreggiate;Asciutto;Asfaltata;Verticale ed orizzontale;Nuvoloso;Scarso;Buona;Sufficiente;0;0;0;2;;;-1;1;Motociclo a solo;In marcia / fermata / arresto;Conducente;M;Illeso;0;;Non accertato;Inesistente
1939053;1;15/03/2013 19:20;Strada Urbana;LARGO DI S. SUSANNA;da specificare;;;;ROTATORIA PER INVERSIONE DA VIA XX SETTEMBRE;Scontro laterale fra veicoli in marcia;Rotatoria;Più di due carreggiate;Asciutto;Asfaltata;Verticale ed orizzontale;Nuvoloso;Scarso;Buona;Sufficiente;0;0;0;2;;;-1;2;Autovettura privata;In marcia / fermata / arresto;Conducente;M;Illeso;0;;Non accertato;Inesistente
1939054;12;18/03/2013 15:30;Strada Urbana;VIA CRISTOFORO COLOMBO;da specificare;;;;dir. Ostia, corsia centr. alt. svinc. Sheraton;Scontro frontale/laterale SX fra veicoli in marcia;Curva senza visuale libera;Più di due carreggiate;Bagnato (pioggia);Asfaltata;Verticale ed orizzontale;Pioggia in atto;Normale;Buona;Ore Diurne;3;0;0;2;;;-1;1;Autovettura privata;In marcia / fermata / arresto;Conducente;M;Rimandato;0;NON DECEDUTO;Utilizzato;Inesistente
1939054;12;18/03/2013 15:30;Strada Urbana;VIA CRISTOFORO COLOMBO;da specificare;;;;dir. Ostia, corsia centr. alt. svinc. Sheraton;Scontro frontale/laterale SX fra veicoli in marcia;Curva senza visuale libera;Più di due carreggiate;Bagnato (pioggia);Asfaltata;Verticale ed orizzontale;Pioggia in atto;Normale;Buona;Ore Diurne;3;0;0;2;;;-1;1;Autovettura privata;In marcia / fermata / arresto;Passeggero;M;Rimandato;0;NON DECEDUTO;Utilizzato;Inesistente
1939054;12;18/03/2013 15:30;Strada Urbana;VIA CRISTOFORO COLOMBO;da specificare;;;;dir. Ostia, corsia centr. alt. svinc. Sheraton;Scontro frontale/laterale SX fra veicoli in marcia;Curva senza visuale libera;Più di due carreggiate;Bagnato (pioggia);Asfaltata;Verticale ed orizzontale;Pioggia in atto;Normale;Buona;Ore Diurne;3;0;0;2;;;-1;1;Autovettura privata;In marcia / fermata / arresto;Passeggero;F;Rimandato;0;NON DECEDUTO;Utilizzato;Inesistente