Protocollo;Gruppo;DataOraIncidente;Localizzazione1;STRADA1;Localizzazione2;STRADA2;Strada02;Chilometrica;DaSpecificare;NaturaIncidente;particolaritastrade;TipoStrada;FondoStradale;Pavimentazione;Segnaletica;CondizioneAtmosferica;Traffico;Visibilita;Illuminazione;NUM_FERITI;NUM_RISERVATA;NUM_MORTI;NUM_ILLESI;Longitudine;Latitudine;Confermato;Progressivo;TipoVeicolo;StatoVeicolo;TipoPersona;Sesso;Tipolesione;Deceduto;DecedutoDopo;CinturaCascoUtilizzato;Airbag
1939147;9;19/03/2013 21:00;Strada Urbana;VIA NOLA;in prossimità;;del civico n. ;10;;Scontro laterale fra veicoli in marcia;Curva a visuale libera;Due carreggiate;Asciutto;Asfaltata;Verticale ed orizzontale;Sereno;Normale;Sufficiente;Sufficiente;0;0;0;4;;;-1;2;Autovettura privata;In marcia / fermata / arresto;Conducente;M;Illeso;0;;Non accertato;Inesistente
1939147;9;19/03/2013 21:00;Strada Urbana;VIA NOLA;in prossimità;;del civico n. ;10;;Scontro laterale fra veicoli in marcia;Curva a visuale libera;Due carreggiate;Asciutto;Asfaltata;Verticale ed orizzontale;Sereno;Normale;Sufficiente;Sufficiente;0;0;0;4;;;-1;2;Autovettura privata;In marcia / fermata / arresto;Passeggero;F;Illeso;0;;Non accertato;Inesistente
1939148;19;19/03/2013 06:30;Strada Urbana;VIA DELLA PINETA SACCHETTI;all'intersezione con;VIA DI S. CLETO PAPA;VIA DI S. CLETO PAPA;;;Scontro frontale/laterale SX fra veicoli in marcia;Intersezione semaforizzata;Due carreggiate;Asciutto;Asfaltata;Verticale ed orizzontale;Sereno;Normale;Buona;Ore Diurne;0;0;0;5;;;-1;1;Autovettura privata;In marcia / fermata / arresto;Conducente;M;Illeso;0;;Non accertato;Inesistente
1939148;19;19/03/2013 06:30;Strada Urbana;VIA DELLA PINETA SACCHETTI;all'intersezione con;VIA DI S. CLETO PAPA;VIA DI S. CLETO PAPA;;;Scontro frontale/laterale SX fra veicoli in marcia;Intersezione semaforizzata;Due carreggiate;Asciutto;Asfaltata;Verticale ed orizzontale;Sereno;Normale;Buona;Ore Diurne;0;0;0;5;;;-1;1;Autovettura privata;In marcia / fermata / arresto;Passeggero;M;Illeso;0;;Non accertato;Inesistente
1939148;19;19/03/2013 06:30;Strada Urbana;VIA DELLA PINETA SACCHETTI;all'intersezione con;VIA DI S. CLETO PAPA;VIA DI S. CLETO PAPA;;;Scontro frontale/laterale SX fra veicoli in marcia;Intersezione semaforizzata;Due carreggiate;Asciutto;Asfaltata;Verticale ed orizzontale;Sereno;Normale;Buona;Ore Diurne;0;0;0;5;;;-1;1;Autovettura privata;In marcia / fermata / arresto;Passeggero;M;Illeso;0;;Non accertato;Inesistente
1939148;19;19/03/2013 06:30;Strada Urbana;VIA DELLA PINETA SACCHETTI;all'intersezione con;VIA DI S. CLETO PAPA;VIA DI S. CLETO PAPA;;;Scontro frontale/laterale SX fra veicoli in marcia;Intersezione semaforizzata;Due carreggiate;Asciutto;Asfaltata;Verticale ed orizzontale;Sereno;Normale;Buona;Ore Diurne;0;0;0;5;;;-1;1;Autovettura privata;In marcia / fermata / arresto;Passeggero;M;Illeso;0;;Non accertato;Inesistente
1939148;19;19/03/2013 06:30;Strada Urbana;VIA DELLA PINETA SACCHETTI;all'intersezione con;VIA DI S. CLETO PAPA;VIA DI S. CLETO PAPA;;;Scontro frontale/laterale SX fra veicoli in marcia;Intersezione semaforizzata;Due carreggiate;Asciutto;Asfaltata;Verticale ed orizzontale;Sereno;Normale;Buona;Ore Diurne;0;0;0;5;;;-1;2;Autovettura privata;In marcia / fermata / arresto;Conducente;M;Illeso;0;;Non accertato;Inesistente
1939149;12;19/03/2013 18:45;Provinciale entro l'abitato;VIA DELLA FALCOGNANA;in prossimità;;della chilometrica ;3,2;;Veicolo in marcia contro ostacolo accidentale;Rettilineo;Una carreggiata a doppio senso;Asciutto;Con buche;Verticale ed orizzontale;Sereno;Normale;Sufficiente;Inesistente;0;0;0;2;;;-1;1;Autovettura privata;In marcia / fermata / arresto;Conducente;M;Illeso;0;;Utilizzato;Inesistente
1939149;12;19/03/2013 18:45;Provinciale entro l'abitato;VIA DELLA FALCOGNANA;in prossimità;;della chilometrica ;3,2;;Veicolo in marcia contro ostacolo accidentale;Rettilineo;Una carreggiata a doppio senso;Asciutto;Con buche;Verticale ed orizzontale;Sereno;Normale;Sufficiente;Inesistente;0;0;0;2;;;-1;1;Autovettura privata;In marcia / fermata / arresto;Passeggero;F;Illeso;0;;Utilizzato;Inesistente
1939150;13;19/03/2013 07:45;Strada Urbana;VIALE VASCO DE GAMA;all'intersezione semaforizzata con;VIA DEI VELIERI;VIA DEI VELIERI;;;Scontro frontale/laterale SX fra veicoli in marcia;Intersezione semaforizzata;Due carreggiate;Asciutto;Asfaltata;Verticale ed orizzontale;Sereno;Normale;Buona;Ore Diurne;1;0;0;1;;;-1;1;Autovettura privata;In marcia / fermata / arresto;Conducente;M;Illeso;0;;Non accertato;Inesploso
1939150;13;19/03/2013 07:45;Strada Urbana;VIALE VASCO DE GAMA;all'intersezione semaforizzata con;VIA DEI VELIERI;VIA DEI VELIERI;;;Scontro frontale/laterale SX fra veicoli in marcia;Intersezione semaforizzata;Due carreggiate;Asciutto;Asfaltata;Verticale ed orizzontale;Sereno;Normale;Buona;Ore Diurne;1;0;0;1;;;-1;2;Autovettura privata;In marcia / fermata / arresto;Conducente;M;Rimandato;0;NON DECEDUTO;Non accertato;Inesploso
1939151;12;19/03/2013 20:30;Strada Urbana;VIA DEL CAPPELLACCIO;in prossimità;;del civico n. ;250;;Veicolo in marcia contro ostacolo accidentale;Rettilineo;Una carreggiata a doppio senso;Asciutto;Con buche;Assente;Sereno;Normale;Sufficiente;Inesistente;0;0;0;1;;;-1;1;Autovettura privata;In marcia / fermata / arresto;Conducente;M;Illeso;0;;Utilizzato;Inesistente
1939152;12;19/03/2013 22:00;Strada Urbana;VIALE DON PASQUINO BORGHI;da specificare;;;;parcheggio antistante civico 125;Veicolo in marcia contro ostacolo fisso;Rettilineo;Due carreggiate;Asciutto;Asfaltata;Assente;Sereno;Scarso;Buona;Sufficiente;0;0;0;2;;;-1;1;Autovettura privata;In marcia / fermata / arresto;Conducente;M;Illeso;0;;Non accertato;Inesploso
1939152;12;19/03/2013 22:00;Strada Urbana;VIALE DON PASQUINO BORGHI;da specificare;;;;parcheggio antistante civico 125;Veicolo in marcia contro ostacolo fisso;Rettilineo;Due carreggiate;Asciutto;Asfaltata;Assente;Sereno;Scarso;Buona;Sufficiente;0;0;0;2;;;-1;1;Autovettura privata;In marcia / fermata / arresto;Passeggero;M;Illeso;0;;Utilizzato;Inesploso
1939153;7;20/03/2013 06:50;Strada Urbana;VIA DELLE ROSE;in prossimità;;del civico n. ;1;;Veicolo in marcia contro veicoli in sosta;Rettilineo;Due carreggiate;Asciutto;Asfaltata;Verticale ed orizzontale;Nuvoloso;Normale;Buona;Ore Diurne;0;0;0;2;;;-1;1;Autovettura privata;In marcia / fermata / arresto;Conducente;M;Illeso;0;;Non accertato;Inesploso
1939153;7;20/03/2013 06:50;Strada Urbana;VIA DELLE ROSE;in prossimità;;del civico n. ;1;;Veicolo in marcia contro veicoli in sosta;Rettilineo;Due carreggiate;Asciutto;Asfaltata;Verticale ed orizzontale;Nuvoloso;Normale;Buona;Ore Diurne;0;0;0;2;;;-1;2;Autovettura privata;In marcia / fermata / arresto;Conducente;F;Illeso;0;;Non accertato;Inesploso
1939154;13;19/03/2013 08:45;Strada Urbana;VIA ERMANNO WOLF FERRARI;all'intersezione con;VIA ALBERTO FRANCHETTI;VIA ALBERTO FRANCHETTI;;;Scontro frontale/laterale SX fra veicoli in marcia;Incrocio;Una carreggiata a doppio senso;Asciutto;Asfaltata;Verticale ed orizzontale;Sereno;Normale;Buona;Ore Diurne;0;0;0;2;;;-1;1;Autovettura privata;In marcia / fermata / arresto;Conducente;F;Illeso;0;;Non accertato;Inesploso
1939154;13;19/03/2013 08:45;Strada Urbana;VIA ERMANNO WOLF FERRARI;all'intersezione con;VIA ALBERTO FRANCHETTI;VIA ALBERTO FRANCHETTI;;;Scontro frontale/laterale SX fra veicoli in marcia;Incrocio;Una carreggiata a doppio senso;Asciutto;Asfaltata;Verticale ed orizzontale;Sereno;Normale;Buona;Ore Diurne;0;0;0;2;;;-1;2;Autovettura privata;In marcia / fermata / arresto;Conducente;F;Illeso;0;;Non accertato;Inesploso
1939155;18;18/03/2013 16:20;Statale;VIA AURELIA;in corrispondenza;;della chilometrica ;14,2;;Veicolo in marcia contro ostacolo accidentale;Rettilineo;Due carreggiate;Bagnato (umidità in atto);Asfaltata;Verticale ed orizzontale;Nuvoloso;Intenso;Buona;Ore Diurne;0;0;0;2;;;-1;1;Autovettura privata;In marcia / fermata / arresto;Conducente;M;Illeso;0;;Non accertato;Inesploso
1939155;18;18/03/2013 16:20;Statale;VIA AURELIA;in corrispondenza;;della chilometrica ;14,2;;Veicolo in marcia contro ostacolo accidentale;Rettilineo;Due carreggiate;Bagnato (umidità in atto);Asfaltata;Verticale ed orizzontale;Nuvoloso;Intenso;Buona;Ore Diurne;0;0;0;2;;;-1;2;Altro;In marcia / fermata / arresto;Conducente;M;Illeso;0;;Non accertato;Inesploso
1939156;17;19/03/2013 08:45;Strada Urbana;VIA CRESCENZIO;all'intersezione con;VIA PIETRO DELLA VALLE;VIA PIETRO DELLA VALLE;;;Veicolo in marcia contro veicolo arresto;Incrocio;Una carreggiata a doppio senso;Asciutto;Acciotolata;Verticale ed orizzontale;Sereno;Scarso;Buona;Ore Diurne;1;0;0;2;;;-1;1;Autovettura privata;In marcia / fermata / arresto;Conducente;M;Illeso;0;;Non accertato;Inesploso
1939156;17;19/03/2013 08:45;Strada Urbana;VIA CRESCENZIO;all'intersezione con;VIA PIETRO DELLA VALLE;VIA PIETRO DELLA VALLE;;;Veicolo in marcia contro veicolo arresto;Incrocio;Una carreggiata a doppio senso;Asciutto;Acciotolata;Verticale ed orizzontale;Sereno;Scarso;Buona;Ore Diurne;1;0;0;2;;;-1;2;Motociclo con passeggero;In marcia / fermata / arresto;Conducente;M;Illeso;0;;Non accertato;Inesistente
1939156;17;19/03/2013 08:45;Strada Urbana;VIA CRESCENZIO;all'intersezione con;VIA PIETRO DELLA VALLE;VIA PIETRO DELLA VALLE;;;Veicolo in marcia contro veicolo arresto;Incrocio;Una carreggiata a doppio senso;Asciutto;Acciotolata;Verticale ed orizzontale;Sereno;Scarso;Buona;Ore Diurne;1;0;0;2;;;-1;3;Motociclo con passeggero;In marcia / fermata / arresto;Conducente;F;Rimandato;0;NON DECEDUTO;Non accertato;Inesistente
1939157;7;19/03/2013 13:00;Strada Urbana;VIALE DELLA PRIMAVERA;all'intersezione con;VIA DEI GELSI;VIA DEI GELSI;;;Infortunio per sola frenata improvvisa;Intersezione stradale segnalata;Una carreggiata a senso unico di marcia;Asciutto;Asfaltata;Verticale ed orizzontale;Sereno;Normale;Buona;Ore Diurne;1;0;0;1;;;-1;1;Autovettura privata;In marcia / fermata / arresto;Conducente;M;Illeso;0;;Non accertato;Inesploso
1939157;7;19/03/2013 13:00;Strada Urbana;VIALE DELLA PRIMAVERA;all'intersezione con;VIA DEI GELSI;VIA DEI GELSI;;;Infortunio per sola frenata improvvisa;Intersezione stradale segnalata;Una carreggiata a senso unico di marcia;Asciutto;Asfaltata;Verticale ed orizzontale;Sereno;Normale;Buona;Ore Diurne;1;0;0;1;;;-1;2;Motociclo a solo;In marcia / fermata / arresto;Conducente;M;Rimandato;0;NON DECEDUTO;Non accertato;Inesistente
1939158;12;19/03/2013 16:30;Strada Urbana;PIAZZALE VENTICINQUE MARZO 1957;da specificare;;;;direzione C. Colombo;Tamponamento;Rettilineo;Una carreggiata a senso unico di marcia;Asciutto;Asfaltata;Verticale ed orizzontale;Sereno;Normale;Buona;Ore Diurne;0;0;0;2;;;-1;1;Autovettura privata;In marcia / fermata / arresto;Conducente;M;Illeso;0;;Utilizzato;Inesploso
1939158;12;19/03/2013 16:30;Strada Urbana;PIAZZALE VENTICINQUE MARZO 1957;da specificare;;;;direzione C. Colombo;Tamponamento;Rettilineo;Una carreggiata a senso unico di marcia;Asciutto;Asfaltata;Verticale ed orizzontale;Sereno;Normale;Buona;Ore Diurne;0;0;0;2;;;-1;2;Autovettura privata;In marcia / fermata / arresto;Conducente;M;Illeso;0;;Utilizzato;Inesploso
1939159;13;19/03/2013 17:20;Provinciale entro l'abitato;VIA DEL MARE;all'intersezione semaforizzata con;VIA DI CASTEL FUSANO;VIA DI CASTEL FUSANO;;;Tamponamento;Intersezione semaforizzata;Una carreggiata a doppio senso;Asciutto;Asfaltata;Verticale ed orizzontale;Sereno;Normale;Buona;Ore Diurne;2;0;0;2;;;-1;1;Autovettura privata;In marcia / fermata / arresto;Conducente;M;Illeso;0;;Non accertato;Inesploso
1939159;13;19/03/2013 17:20;Provinciale entro l'abitato;VIA DEL MARE;all'intersezione semaforizzata con;VIA DI CASTEL FUSANO;VIA DI CASTEL FUSANO;;;Tamponamento;Intersezione semaforizzata;Una carreggiata a doppio senso;Asciutto;Asfaltata;Verticale ed orizzontale;Sereno;Normale;Buona;Ore Diurne;2;0;0;2;;;-1;2;Autovettura privata;In marcia / fermata / arresto;Conducente;M;Rimandato;0;NON DECEDUTO;Non accertato;Inesploso
1939159;13;19/03/2013 17:20;Provinciale entro l'abitato;VIA DEL MARE;all'intersezione semaforizzata con;VIA DI CASTEL FUSANO;VIA DI CASTEL FUSANO;;;Tamponamento;Intersezione semaforizzata;Una carreggiata a doppio senso;Asciutto;Asfaltata;Verticale ed orizzontale;Sereno;Normale;Buona;Ore Diurne;2;0;0;2;;;-1;2;Autovettura privata;In marcia / fermata / arresto;Passeggero;F;Rimandato;0;NON DECEDUTO;Non accertato;Inesploso
1939159;13;19/03/2013 17:20;Provinciale entro l'abitato;VIA DEL MARE;all'intersezione semaforizzata con;VIA DI CASTEL FUSANO;VIA DI CASTEL FUSANO;;;Tamponamento;Intersezione semaforizzata;Una carreggiata a doppio senso;Asciutto;Asfaltata;Verticale ed orizzontale;Sereno;Normale;Buona;Ore Diurne;2;0;0;2;;;-1;2;Autovettura privata;In marcia / fermata / arresto;Passeggero;M;Illeso;0;;Non accertato;Inesploso
1939160;13;19/03/2013 12:00;Strada Urbana;VIALE ENRICO ORTOLANI;all'intersezione con;VIA NAPOLEONE PARISANI;VIA NAPOLEONE PARISANI;;;Scontro frontale/laterale SX fra veicoli in marcia;Rotatoria;Una carreggiata a doppio senso;Asciutto;Asfaltata;Orizzontale;Sereno;Scarso;Buona;Ore Diurne;0;0;0;2;;;-1;1;Autocarro inferiore 35 q.;In marcia / fermata / arresto;Conducente;M;Illeso;0;;Non accertato;Inesploso
1939160;13;19/03/2013 12:00;Strada Urbana;VIALE ENRICO ORTOLANI;all'intersezione con;VIA NAPOLEONE PARISANI;VIA NAPOLEONE PARISANI;;;Scontro frontale/laterale SX fra veicoli in marcia;Rotatoria;Una carreggiata a doppio senso;Asciutto;Asfaltata;Orizzontale;Sereno;Scarso;Buona;Ore Diurne;0;0;0;2;;;-1;2;Autovettura privata;In marcia / fermata / arresto;Conducente;M;Illeso;0;;Non accertato;Inesploso
1939161;19;19/03/2013 07:05;Strada Urbana;VIA DI CASAL DEL MARMO;all'intersezione con;VIA COLOGNO MONZESE;VIA COLOGNO MONZESE;;;Scontro frontale/laterale SX fra veicoli in marcia;Incrocio;Una carreggiata a doppio senso;Asciutto;Asfaltata;Verticale ed orizzontale;Sereno;Normale;Buona;Ore Diurne;0;0;0;4;;;-1;1;Autovettura privata;In marcia / fermata / arresto;Conducente;M;Illeso;0;;Non accertato;Inesistente
1939161;19;19/03/2013 07:05;Strada Urbana;VIA DI CASAL DEL MARMO;all'intersezione con;VIA COLOGNO MONZESE;VIA COLOGNO MONZESE;;;Scontro frontale/laterale SX fra veicoli in marcia;Incrocio;Una carreggiata a doppio senso;Asciutto;Asfaltata;Verticale ed orizzontale;Sereno;Normale;Buona;Ore Diurne;0;0;0;4;;;-1;1;Autovettura privata;In marcia / fermata / arresto;Passeggero;M;Illeso;0;;Non accertato;Inesistente
1939161;19;19/03/2013 07:05;Strada Urbana;VIA DI CASAL DEL MARMO;all'intersezione con;VIA COLOGNO MONZESE;VIA COLOGNO MONZESE;;;Scontro frontale/laterale SX fra veicoli in marcia;Incrocio;Una carreggiata a doppio senso;Asciutto;Asfaltata;Verticale ed orizzontale;Sereno;Normale;Buona;Ore Diurne;0;0;0;4;;;-1;2;Autovettura privata;In marcia / fermata / arresto;Conducente;M;Illeso;0;;Non accertato;Inesistente
1939161;19;19/03/2013 07:05;Strada Urbana;VIA DI CASAL DEL MARMO;all'intersezione con;VIA COLOGNO MONZESE;VIA COLOGNO MONZESE;;;Scontro frontale/laterale SX fra veicoli in marcia;Incrocio;Una carreggiata a doppio senso;Asciutto;Asfaltata;Verticale ed orizzontale;Sereno;Normale;Buona;Ore Diurne;0;0;0;4;;;-1;2;Autovettura privata;In marcia / fermata / arresto;Passeggero;M;Illeso;0;;Non accertato;Inesistente
1939162;17;19/03/2013 11:15;Strada Urbana;VIA MARCANTONIO COLONNA;all'intersezione con;VIA DEGLI SCIPIONI;VIA DEGLI SCIPIONI;;;Scontro laterale fra veicoli in marcia;Incrocio;Due carreggiate;Asciutto;Asfaltata;Verticale ed orizzontale;Sereno;Normale;Buona;Ore Diurne;2;0;0;1;;;-1;1;Autovettura privata;In marcia / fermata / arresto;Conducente;F;Illeso;0;;Non accertato;Inesploso
1939162;17;19/03/2013 11:15;Strada Urbana;VIA MARCANTONIO COLONNA;all'intersezione con;VIA DEGLI SCIPIONI;VIA DEGLI SCIPIONI;;;Scontro laterale fra veicoli in marcia;Incrocio;Due carreggiate;Asciutto;Asfaltata;Verticale ed orizzontale;Sereno;Normale;Buona;Ore Diurne;2;0;0;1;;;-1;2;Motociclo a solo;In marcia / fermata / arresto;Conducente;F;Rimandato;0;NON DECEDUTO;Non accertato;Inesistente
1939162;17;19/03/2013 11:15;Strada Urbana;VIA MARCANTONIO COLONNA;all'intersezione con;VIA DEGLI SCIPIONI;VIA DEGLI SCIPIONI;;;Scontro laterale fra veicoli in marcia;Incrocio;Due carreggiate;Asciutto;Asfaltata;Verticale ed orizzontale;Sereno;Normale;Buona;Ore Diurne;2;0;0;1;;;-1;2;Motociclo a solo;In marcia / fermata / arresto;Passeggero;F;Rimandato;0;NON DECEDUTO;Non accertato;Inesistente
1939163;4;19/03/2013 17:50;Provinciale;VIA NOMENTANA;all'intersezione con;VIA GIGGI SPADUCCI;VIA GIGGI SPADUCCI;;;Scontro frontale/laterale DX fra veicoli in marcia;Incrocio;Una carreggiata a doppio senso;Asciutto;Asfaltata;Verticale ed orizzontale;Sereno;Normale;Buona;Ore Diurne;0;0;0;3;;;-1;1;Autovettura privata;In marcia / fermata / arresto;Passeggero;M;Illeso;0;;Non accertato;Inesistente
1939163;4;19/03/2013 17:50;Provinciale;VIA NOMENTANA;all'intersezione con;VIA GIGGI SPADUCCI;VIA GIGGI SPADUCCI;;;Scontro frontale/laterale DX fra veicoli in marcia;Incrocio;Una carreggiata a doppio senso;Asciutto;Asfaltata;Verticale ed orizzontale;Sereno;Normale;Buona;Ore Diurne;0;0;0;3;;;-1;1;Autovettura privata;In marcia / fermata / arresto;Conducente;M;Illeso;0;;Non accertato;Inesploso
1939163;4;19/03/2013 17:50;Provinciale;VIA NOMENTANA;all'intersezione con;VIA GIGGI SPADUCCI;VIA GIGGI SPADUCCI;;;Scontro frontale/laterale DX fra veicoli in marcia;Incrocio;Una carreggiata a doppio senso;Asciutto;Asfaltata;Verticale ed orizzontale;Sereno;Normale;Buona;Ore Diurne;0;0;0;3;;;-1;2;Autovettura privata;In marcia / fermata / arresto;Conducente;F;Illeso;0;;Non accertato;Inesploso
1939164;1;16/03/2013 20:00;Strada Urbana;VIA CESARE BATTISTI;in prossimità;;del civico n. ;122-B;;Scontro laterale fra veicoli in marcia;Rettilineo;Una carreggiata a doppio senso;Asciutto;In cubetti di porfido;Verticale;Sereno;Normale;Sufficiente;Sufficiente;0;0;0;2;;;-1;1;Autobus di linea;In marcia / fermata / arresto;Conducente;M;Illeso;0;;Non accertato;Inesistente
1939164;1;16/03/2013 20:00;Strada Urbana;VIA CESARE BATTISTI;in prossimità;;del civico n. ;122-B;;Scontro laterale fra veicoli in marcia;Rettilineo;Una carreggiata a doppio senso;Asciutto;In cubetti di porfido;Verticale;Sereno;Normale;Sufficiente;Sufficiente;0;0;0;2;;;-1;2;Autovettura privata;In marcia / fermata / arresto;Conducente;F;Illeso;0;;Non accertato;Inesistente
1939165;17;19/03/2013 19:30;Strada Urbana;VIA DELLA CAMILLUCCIA;in corrispondenza;;del civico n. ;147;;Scontro laterale fra veicoli in marcia;Rettilineo;Una carreggiata a senso unico di marcia;Asciutto;Asfaltata;Verticale ed orizzontale;Sereno;Normale;Buona;Sufficiente;1;0;0;1;;;-1;1;Autovettura privata;In marcia / fermata / arresto;Conducente;F;Illeso;0;;Non accertato;Inesploso
1939165;17;19/03/2013 19:30;Strada Urbana;VIA DELLA CAMILLUCCIA;in corrispondenza;;del civico n. ;147;;Scontro laterale fra veicoli in marcia;Rettilineo;Una carreggiata a senso unico di marcia;Asciutto;Asfaltata;Verticale ed orizzontale;Sereno;Normale;Buona;Sufficiente;1;0;0;1;;;-1;2;Motociclo a solo;In marcia / fermata / arresto;Conducente;M;Rimandato;0;NON DECEDUTO;Non accertato;Inesistente
1939166;7;19/03/2013 21:10;Strada Urbana;VIA PRENESTINA;in corrispondenza;;del civico n. ;732;;Scontro frontale/laterale DX fra veicoli in marcia;Rettilineo;Una carreggiata a doppio senso;Asciutto;Asfaltata;Verticale ed orizzontale;Nuvoloso;Normale;Buona;Sufficiente;0;0;0;3;;;-1;1;Autovettura privata;In marcia / fermata / arresto;Conducente;M;Illeso;0;;Non accertato;Inesploso
1939166;7;19/03/2013 21:10;Strada Urbana;VIA PRENESTINA;in corrispondenza;;del civico n. ;732;;Scontro frontale/laterale DX fra veicoli in marcia;Rettilineo;Una carreggiata a doppio senso;Asciutto;Asfaltata;Verticale ed orizzontale;Nuvoloso;Normale;Buona;Sufficiente;0;0;0;3;;;-1;1;Autovettura privata;In marcia / fermata / arresto;Passeggero;M;Illeso;0;;Non accertato;Inesploso
1939166;7;19/03/2013 21:10;Strada Urbana;VIA PRENESTINA;in corrispondenza;;del civico n. ;732;;Scontro frontale/laterale DX fra veicoli in marcia;Rettilineo;Una carreggiata a doppio senso;Asciutto;Asfaltata;Verticale ed orizzontale;Nuvoloso;Normale;Buona;Sufficiente;0;0;0;3;;;-1;2;Autovettura privata;In marcia / fermata / arresto;Conducente;M;Illeso;0;;Non accertato;Inesploso
1939167;1;19/03/2013 12:45;Strada Urbana;VIA MERULANA;all'intersezione semaforizzata con;PIAZZA DI S. GIOVANNI IN LATERANO;PIAZZA DI S. GIOVANNI IN LATERANO;;;Scontro laterale fra veicoli in marcia;Incrocio;Una carreggiata a doppio senso;Asciutto;Asfaltata;Verticale ed orizzontale;Sereno;Normale;Buona;Ore Diurne;0;0;0;2;;;-1;1;Autovettura privata;In marcia / fermata / arresto;Conducente;F;Illeso;0;;Non accertato;Inesploso
1939167;1;19/03/2013 12:45;Strada Urbana;VIA MERULANA;all'intersezione semaforizzata con;PIAZZA DI S. GIOVANNI IN LATERANO;PIAZZA DI S. GIOVANNI IN LATERANO;;;Scontro laterale fra veicoli in marcia;Incrocio;Una carreggiata a doppio senso;Asciutto;Asfaltata;Verticale ed orizzontale;Sereno;Normale;Buona;Ore Diurne;0;0;0;2;;;-1;1;Autovettura privata;In marcia / fermata / arresto;Passeggero;F;Illeso;0;;Non accertato;Inesploso
1939168;13;19/03/2013 12:45;Strada Urbana;VIALE GORGIA DI LEONTINI;all'intersezione con;VIA DI CASAL PALOCCO;VIA DI CASAL PALOCCO;;;Investimento di pedone;Incrocio;Una carreggiata a doppio senso;Asciutto;Asfaltata;Orizzontale;Sereno;Scarso;Buona;Ore Diurne;1;0;0;1;;;-1;;;;Pedone;M;Rimandato;0;NON DECEDUTO;;
1939168;13;19/03/2013 12:45;Strada Urbana;VIALE GORGIA DI LEONTINI;all'intersezione con;VIA DI CASAL PALOCCO;VIA DI CASAL PALOCCO;;;Investimento di pedone;Incrocio;Una carreggiata a doppio senso;Asciutto;Asfaltata;Orizzontale;Sereno;Scarso;Buona;Ore Diurne;1;0;0;1;;;-1;1;Autovettura privata;In marcia / fermata / arresto;Conducente;M;Illeso;0;;Non accertato;Inesploso
1939169;20;19/03/2013 09:35;Strada Urbana;VIA VAL GARDENA;in corrispondenza;;del civico n. ;35;;Veicolo in marcia contro veicolo in sosta;Rettilineo;Una carreggiata a senso unico di marcia;Asciutto;Asfaltata;Verticale ed orizzontale;Sereno;Scarso;Buona;Ore Diurne;0;0;0;1;;;-1;2;Autovettura privata;In marcia / fermata / arresto;Conducente;F;Illeso;0;;Non accertato;Inesploso
1939170;20;19/03/2013 07:40;Statale entro l'abitato;VIA CASSIA;da specificare;;;;in prossimità di via Torre delle Cornacchie;Scontro laterale fra veicoli in marcia;Rettilineo;Una carreggiata a doppio senso;Asciutto;Asfaltata;Verticale ed orizzontale;Sereno;Intenso;Buona;Ore Diurne;0;0;0;2;;;-1;1;Autocarro inferiore 35 q.;In marcia / fermata / arresto;Conducente;M;Illeso;0;;Non accertato;Inesistente
1939170;20;19/03/2013 07:40;Statale entro l'abitato;VIA CASSIA;da specificare;;;;in prossimità di via Torre delle Cornacchie;Scontro laterale fra veicoli in marcia;Rettilineo;Una carreggiata a doppio senso;Asciutto;Asfaltata;Verticale ed orizzontale;Sereno;Intenso;Buona;Ore Diurne;0;0;0;2;;;-1;2;Autocarro inferiore 35 q.;In marcia / fermata / arresto;Conducente;M;Illeso;0;;Non accertato;Inesistente
1939171;18;19/03/2013 11:15;Strada Urbana;VIA DI TORREVECCHIA;in prossimità;;del fronte civico n. ;1110;;Scontro laterale fra veicoli in marcia;Curva senza visuale libera;Due carreggiate;Asciutto;Asfaltata;Orizzontale;Sereno;Normale;Buona;Ore Diurne;1;0;0;1;;;-1;1;Autovettura privata;In marcia / fermata / arresto;Conducente;M;Illeso;0;;Utilizzato;Inesploso
1939171;18;19/03/2013 11:15;Strada Urbana;VIA DI TORREVECCHIA;in prossimità;;del fronte civico n. ;1110;;Scontro laterale fra veicoli in marcia;Curva senza visuale libera;Due carreggiate;Asciutto;Asfaltata;Orizzontale;Sereno;Normale;Buona;Ore Diurne;1;0;0;1;;;-1;2;Motociclo a solo;In marcia / fermata / arresto;Conducente;M;Rimandato;0;NON DECEDUTO;Utilizzato;Inesistente
1939172;20;19/03/2013 09:20;Strada Urbana;VIA DEGLI ORTI DELLA FARNESINA;in corrispondenza;;del civico n. ;2;;Scontro laterale fra veicoli in marcia;Rettilineo;Una carreggiata a doppio senso;Asciutto;Asfaltata;Orizzontale;Sereno;Normale;Buona;Ore Diurne;0;0;0;2;;;-1;1;Autovettura privata;In marcia / fermata / arresto;Conducente;F;Illeso;0;;Utilizzato;Inesploso
1939172;20;19/03/2013 09:20;Strada Urbana;VIA DEGLI ORTI DELLA FARNESINA;in corrispondenza;;del civico n. ;2;;Scontro laterale fra veicoli in marcia;Rettilineo;Una carreggiata a doppio senso;Asciutto;Asfaltata;Orizzontale;Sereno;Normale;Buona;Ore Diurne;0;0;0;2;;;-1;2;Autovettura privata;In marcia / fermata / arresto;Conducente;M;Illeso;0;;Utilizzato;Inesistente