Protocollo;Gruppo;DataOraIncidente;Localizzazione1;STRADA1;Localizzazione2;STRADA2;Strada02;Chilometrica;DaSpecificare;NaturaIncidente;particolaritastrade;TipoStrada;FondoStradale;Pavimentazione;Segnaletica;CondizioneAtmosferica;Traffico;Visibilita;Illuminazione;NUM_FERITI;NUM_RISERVATA;NUM_MORTI;NUM_ILLESI;Longitudine;Latitudine;Confermato;Progressivo;TipoVeicolo;StatoVeicolo;TipoPersona;Sesso;Tipolesione;Deceduto;DecedutoDopo;CinturaCascoUtilizzato;Airbag
1940016;17;13/03/2013 09:00;Strada Urbana;VIA DOMENICO MILLELIRE;all'intersezione con;VIA FRANCESCO SIVORI;VIA FRANCESCO SIVORI;;;Scontro frontale/laterale SX fra veicoli in marcia;Incrocio;Una carreggiata a senso unico di marcia;Bagnato (pioggia);Asfaltata;Verticale ed orizzontale;Pioggia in atto;Normale;Buona;Ore Diurne;1;0;0;2;;;-1;2;Motociclo a solo;In marcia / fermata / arresto;Passeggero;M;Illeso;0;;Non accertato;Inesistente
1940017;9;28/03/2013 08:00;Strada Urbana;VIA APPIA NUOVA;in corrispondenza;;del civico n. ;3;;Tamponamento;Rettilineo;Due carreggiate;Bagnato (pioggia);Asfaltata;Verticale ed orizzontale;Pioggia in atto;Intenso;Buona;Ore Diurne;1;0;0;1;;;-1;1;Autovettura privata;In marcia / fermata / arresto;Conducente;M;Illeso;0;;Non accertato;Inesistente
1940017;9;28/03/2013 08:00;Strada Urbana;VIA APPIA NUOVA;in corrispondenza;;del civico n. ;3;;Tamponamento;Rettilineo;Due carreggiate;Bagnato (pioggia);Asfaltata;Verticale ed orizzontale;Pioggia in atto;Intenso;Buona;Ore Diurne;1;0;0;1;;;-1;2;Motociclo a solo;In marcia / fermata / arresto;Conducente;F;Ricoverato;0;NON DECEDUTO;Non accertato;Inesistente
1940018;9;28/03/2013 07:50;Strada Urbana;VIA DI S. MARIA AUSILIATRICE;all'intersezione con;VIA MUZIO SCEVOLA;VIA MUZIO SCEVOLA;;;Scontro frontale/laterale SX fra veicoli in marcia;Incrocio;Una carreggiata a doppio senso;Bagnato (pioggia);Asfaltata;Verticale ed orizzontale;Pioggia in atto;Normale;Buona;Ore Diurne;0;0;0;3;;;-1;1;Autovettura privata;In marcia / fermata / arresto;Conducente;F;Illeso;0;;Non accertato;Inesistente
1940018;9;28/03/2013 07:50;Strada Urbana;VIA DI S. MARIA AUSILIATRICE;all'intersezione con;VIA MUZIO SCEVOLA;VIA MUZIO SCEVOLA;;;Scontro frontale/laterale SX fra veicoli in marcia;Incrocio;Una carreggiata a doppio senso;Bagnato (pioggia);Asfaltata;Verticale ed orizzontale;Pioggia in atto;Normale;Buona;Ore Diurne;0;0;0;3;;;-1;2;Autovettura privata;In marcia / fermata / arresto;Conducente;F;Illeso;0;;Non accertato;Inesistente
1940018;9;28/03/2013 07:50;Strada Urbana;VIA DI S. MARIA AUSILIATRICE;all'intersezione con;VIA MUZIO SCEVOLA;VIA MUZIO SCEVOLA;;;Scontro frontale/laterale SX fra veicoli in marcia;Incrocio;Una carreggiata a doppio senso;Bagnato (pioggia);Asfaltata;Verticale ed orizzontale;Pioggia in atto;Normale;Buona;Ore Diurne;0;0;0;3;;;-1;3;Autovettura privata;In marcia / fermata / arresto;Conducente;M;Illeso;0;;Non accertato;Inesistente
1940019;2;28/03/2013 09:20;Strada Urbana;PIAZZALE DI VILLA GIULIA;in prossimità;;del palo luce n. ;89;;Scontro frontale/laterale DX fra veicoli in marcia;Curva a visuale libera;Una carreggiata a doppio senso;Bagnato (pioggia);Asfaltata;Verticale ed orizzontale;Pioggia in atto;Normale;Buona;Ore Diurne;0;1;0;2;;;-1;1;Motociclo a solo;In marcia / fermata / arresto;Conducente;M;Prognosi riservata;0;NON DECEDUTO;Utilizzato;Inesistente
1940019;2;28/03/2013 09:20;Strada Urbana;PIAZZALE DI VILLA GIULIA;in prossimità;;del palo luce n. ;89;;Scontro frontale/laterale DX fra veicoli in marcia;Curva a visuale libera;Una carreggiata a doppio senso;Bagnato (pioggia);Asfaltata;Verticale ed orizzontale;Pioggia in atto;Normale;Buona;Ore Diurne;0;1;0;2;;;-1;2;Autovettura privata;In marcia / fermata / arresto;Conducente;M;Illeso;0;;Non accertato;Inesistente
1940019;2;28/03/2013 09:20;Strada Urbana;PIAZZALE DI VILLA GIULIA;in prossimità;;del palo luce n. ;89;;Scontro frontale/laterale DX fra veicoli in marcia;Curva a visuale libera;Una carreggiata a doppio senso;Bagnato (pioggia);Asfaltata;Verticale ed orizzontale;Pioggia in atto;Normale;Buona;Ore Diurne;0;1;0;2;;;-1;2;Autovettura privata;In marcia / fermata / arresto;Passeggero;M;Illeso;0;;Utilizzato;Inesistente
1940020;8;28/03/2013 07:15;Strada Urbana;VIALE DELLA SORBONA;in prossimità;;del palo luce n. ;112;;Fuoriuscita dalla sede stradale;Rotatoria;Due carreggiate;Bagnato (pioggia);Asfaltata;Verticale ed orizzontale;Pioggia in atto;Scarso;Buona;Ore Diurne;1;0;0;0;;;-1;1;Autovettura privata;In marcia / fermata / arresto;Conducente;F;Rimandato;0;NON DECEDUTO;Non accertato;Inesploso
1940021;8;28/03/2013 09:35;Strada Urbana;VIA CORNELIO SISENNA;all'intersezione con;VIA EMILIO MACRO;VIA EMILIO MACRO;;;Scontro frontale/laterale SX fra veicoli in marcia;Intersezione stradale segnalata;Due carreggiate;Bagnato (pioggia);Asfaltata;Verticale;Pioggia in atto;Normale;Buona;Ore Diurne;0;0;0;2;;;-1;1;Autovettura privata;In marcia / fermata / arresto;Conducente;M;Illeso;0;;Non accertato;Inesistente
1940021;8;28/03/2013 09:35;Strada Urbana;VIA CORNELIO SISENNA;all'intersezione con;VIA EMILIO MACRO;VIA EMILIO MACRO;;;Scontro frontale/laterale SX fra veicoli in marcia;Intersezione stradale segnalata;Due carreggiate;Bagnato (pioggia);Asfaltata;Verticale;Pioggia in atto;Normale;Buona;Ore Diurne;0;0;0;2;;;-1;2;Autovettura privata;In marcia / fermata / arresto;Conducente;F;Illeso;0;;Non accertato;Inesploso
1940022;12;28/03/2013 07:50;Altra strada;VIA DEL MARE;da specificare;;;;strada senza nome cui si accede altezza km 7.000;Veicolo in marcia contro ostacolo fisso;Rettilineo;Una carreggiata a doppio senso;Bagnato (pioggia);Strada pavimentata dissestata;Verticale;Pioggia in atto;Scarso;Buona;Ore Diurne;3;0;0;0;;;-1;1;Veicolo speciale;In marcia / fermata / arresto;Conducente;M;Rimandato;0;NON DECEDUTO;Utilizzato;Inesploso
1940022;12;28/03/2013 07:50;Altra strada;VIA DEL MARE;da specificare;;;;strada senza nome cui si accede altezza km 7.000;Veicolo in marcia contro ostacolo fisso;Rettilineo;Una carreggiata a doppio senso;Bagnato (pioggia);Strada pavimentata dissestata;Verticale;Pioggia in atto;Scarso;Buona;Ore Diurne;3;0;0;0;;;-1;1;Veicolo speciale;In marcia / fermata / arresto;Passeggero;M;Rimandato;0;NON DECEDUTO;Utilizzato;Inesploso
1940022;12;28/03/2013 07:50;Altra strada;VIA DEL MARE;da specificare;;;;strada senza nome cui si accede altezza km 7.000;Veicolo in marcia contro ostacolo fisso;Rettilineo;Una carreggiata a doppio senso;Bagnato (pioggia);Strada pavimentata dissestata;Verticale;Pioggia in atto;Scarso;Buona;Ore Diurne;3;0;0;0;;;-1;1;Veicolo speciale;In marcia / fermata / arresto;Passeggero;M;Rimandato;0;NON DECEDUTO;Utilizzato;Inesploso
1940023;18;26/03/2013 09:45;Strada Urbana;VIA DI CASAL DEL MARMO;all'intersezione con;VIA DRONERO;VIA DRONERO;;;Scontro laterale fra veicoli in marcia;Intersezione non regolata/non segnalata;Una carreggiata a doppio senso;Asciutto;Asfaltata;Assente;Nuvoloso;Intenso;Buona;Ore Diurne;1;0;0;2;;;-1;1;Ciclomotore;In marcia / fermata / arresto;Conducente;F;Rimandato;0;NON DECEDUTO;Utilizzato;Inesistente
1940023;18;26/03/2013 09:45;Strada Urbana;VIA DI CASAL DEL MARMO;all'intersezione con;VIA DRONERO;VIA DRONERO;;;Scontro laterale fra veicoli in marcia;Intersezione non regolata/non segnalata;Una carreggiata a doppio senso;Asciutto;Asfaltata;Assente;Nuvoloso;Intenso;Buona;Ore Diurne;1;0;0;2;;;-1;2;Autovettura privata;In marcia / fermata / arresto;Conducente;M;Illeso;0;;Non accertato;Inesploso
1940023;18;26/03/2013 09:45;Strada Urbana;VIA DI CASAL DEL MARMO;all'intersezione con;VIA DRONERO;VIA DRONERO;;;Scontro laterale fra veicoli in marcia;Intersezione non regolata/non segnalata;Una carreggiata a doppio senso;Asciutto;Asfaltata;Assente;Nuvoloso;Intenso;Buona;Ore Diurne;1;0;0;2;;;-1;2;Autovettura privata;In marcia / fermata / arresto;Passeggero;F;Illeso;0;;Non accertato;Inesploso
1940024;19;28/03/2013 09:05;Strada Urbana;VIA IPOGEO DEGLI OTTAVI;in prossimità;;del civico n. ;156;;Veicolo in marcia contro ostacolo fisso;Curva a visuale libera;Una carreggiata a doppio senso;Bagnato (pioggia);Asfaltata;Orizzontale;Pioggia in atto;Normale;Buona;Ore Diurne;0;0;0;1;;;-1;1;Autovettura privata;In marcia / fermata / arresto;Conducente;F;Illeso;0;;Non accertato;Inesistente
1940025;19;28/03/2013 12:20;Strada Urbana;VIA DI CASAL DEL MARMO;in corrispondenza;;del civico n. ;174;;Scontro laterale fra veicoli in marcia;Rettilineo;Una carreggiata a doppio senso;Bagnato (umidità in atto);Asfaltata;Orizzontale;Nuvoloso;Normale;Buona;Ore Diurne;0;0;0;3;;;-1;1;Motociclo a solo;In marcia / fermata / arresto;Conducente;M;Illeso;0;;Non accertato;Inesistente
1940025;19;28/03/2013 12:20;Strada Urbana;VIA DI CASAL DEL MARMO;in corrispondenza;;del civico n. ;174;;Scontro laterale fra veicoli in marcia;Rettilineo;Una carreggiata a doppio senso;Bagnato (umidità in atto);Asfaltata;Orizzontale;Nuvoloso;Normale;Buona;Ore Diurne;0;0;0;3;;;-1;2;Autovettura privata;In marcia / fermata / arresto;Conducente;M;Illeso;0;;Non accertato;Inesistente
1940025;19;28/03/2013 12:20;Strada Urbana;VIA DI CASAL DEL MARMO;in corrispondenza;;del civico n. ;174;;Scontro laterale fra veicoli in marcia;Rettilineo;Una carreggiata a doppio senso;Bagnato (umidità in atto);Asfaltata;Orizzontale;Nuvoloso;Normale;Buona;Ore Diurne;0;0;0;3;;;-1;2;Autovettura privata;In marcia / fermata / arresto;Passeggero;M;Illeso;0;;Non accertato;Inesistente
1940026;4;27/03/2013 10:30;Provinciale entro l'abitato;VIA NOMENTANA;in corrispondenza;;del civico n. ;857;;Scontro laterale fra veicoli in marcia;Curva a visuale libera;Una carreggiata a doppio senso;Asciutto;Asfaltata;Orizzontale;Sereno;Normale;Buona;Ore Diurne;1;0;0;1;;;-1;1;Autovettura privata;In marcia / fermata / arresto;Conducente;M;Illeso;0;;Non accertato;
1940026;4;27/03/2013 10:30;Provinciale entro l'abitato;VIA NOMENTANA;in corrispondenza;;del civico n. ;857;;Scontro laterale fra veicoli in marcia;Curva a visuale libera;Una carreggiata a doppio senso;Asciutto;Asfaltata;Orizzontale;Sereno;Normale;Buona;Ore Diurne;1;0;0;1;;;-1;2;Motociclo con passeggero;In marcia / fermata / arresto;Conducente;M;Rifiuta cure immediate;0;NON DECEDUTO;Non accertato;Inesistente
1940027;4;27/03/2013 21:10;Strada Urbana;PIAZZALE JONIO;da specificare;;;;prossimità V.le Tirreno;Scontro laterale fra veicoli in marcia;Rotatoria;Due carreggiate;Asciutto;Asfaltata;Verticale ed orizzontale;Sereno;Normale;Sufficiente;Sufficiente;0;0;0;2;;;-1;1;Autovettura privata;In marcia / fermata / arresto;Conducente;F;Illeso;0;;Non accertato;Inesistente
1940027;4;27/03/2013 21:10;Strada Urbana;PIAZZALE JONIO;da specificare;;;;prossimità V.le Tirreno;Scontro laterale fra veicoli in marcia;Rotatoria;Due carreggiate;Asciutto;Asfaltata;Verticale ed orizzontale;Sereno;Normale;Sufficiente;Sufficiente;0;0;0;2;;;-1;2;Autovettura privata;In marcia / fermata / arresto;Conducente;F;Illeso;0;;Non accertato;Inesistente
1940028;18;25/03/2013 09:05;Strada Urbana;VIA DI BOCCEA;in prossimità;;del civico n. ;33;;Investimento di pedone;Rettilineo;Una carreggiata a doppio senso;Asciutto;Asfaltata;Verticale ed orizzontale;Nuvoloso;Intenso;Buona;Ore Diurne;1;0;0;1;;;-1;;;;Pedone;F;Ricoverato;0;NON DECEDUTO;;
1940028;18;25/03/2013 09:05;Strada Urbana;VIA DI BOCCEA;in prossimità;;del civico n. ;33;;Investimento di pedone;Rettilineo;Una carreggiata a doppio senso;Asciutto;Asfaltata;Verticale ed orizzontale;Nuvoloso;Intenso;Buona;Ore Diurne;1;0;0;1;;;-1;1;Autovettura privata;In marcia / fermata / arresto;Conducente;F;Illeso;0;;Non utilizzato;Inesploso
1940029;4;27/03/2013 11:55;Strada Urbana;VIA ARTURO GRAF;in prossimità;;del civico n. ;40/A;;Veicolo in marcia contro veicolo fermo;Rettilineo;Due carreggiate;Asciutto;Asfaltata;Verticale;Sereno;Normale;Buona;Ore Diurne;0;0;0;2;;;-1;1;Autovettura privata;In marcia / fermata / arresto;Conducente;M;Illeso;0;;Non accertato;Inesploso
1940029;4;27/03/2013 11:55;Strada Urbana;VIA ARTURO GRAF;in prossimità;;del civico n. ;40/A;;Veicolo in marcia contro veicolo fermo;Rettilineo;Due carreggiate;Asciutto;Asfaltata;Verticale;Sereno;Normale;Buona;Ore Diurne;0;0;0;2;;;-1;2;Autovettura privata;In marcia / fermata / arresto;Conducente;F;Illeso;0;;Non accertato;Inesploso
1940030;4;27/03/2013 19:20;Provinciale entro l'abitato;VIA NOMENTANA;all'intersezione con;VIA VAL TROMPIA;VIA VAL TROMPIA;;;Scontro frontale/laterale DX fra veicoli in marcia;Incrocio;Una carreggiata a doppio senso;Asciutto;Asfaltata;Verticale ed orizzontale;Nuvoloso;Intenso;Sufficiente;Sufficiente;1;0;0;4;;;-1;1;Autovettura privata;In marcia / fermata / arresto;Conducente;M;Illeso;0;;Non accertato;Inesploso
1940030;4;27/03/2013 19:20;Provinciale entro l'abitato;VIA NOMENTANA;all'intersezione con;VIA VAL TROMPIA;VIA VAL TROMPIA;;;Scontro frontale/laterale DX fra veicoli in marcia;Incrocio;Una carreggiata a doppio senso;Asciutto;Asfaltata;Verticale ed orizzontale;Nuvoloso;Intenso;Sufficiente;Sufficiente;1;0;0;4;;;-1;1;Autovettura privata;In marcia / fermata / arresto;Passeggero;M;Illeso;0;;Non accertato;Inesploso
1940030;4;27/03/2013 19:20;Provinciale entro l'abitato;VIA NOMENTANA;all'intersezione con;VIA VAL TROMPIA;VIA VAL TROMPIA;;;Scontro frontale/laterale DX fra veicoli in marcia;Incrocio;Una carreggiata a doppio senso;Asciutto;Asfaltata;Verticale ed orizzontale;Nuvoloso;Intenso;Sufficiente;Sufficiente;1;0;0;4;;;-1;1;Autovettura privata;In marcia / fermata / arresto;Passeggero;F;Illeso;0;;Non accertato;Inesploso
1940030;4;27/03/2013 19:20;Provinciale entro l'abitato;VIA NOMENTANA;all'intersezione con;VIA VAL TROMPIA;VIA VAL TROMPIA;;;Scontro frontale/laterale DX fra veicoli in marcia;Incrocio;Una carreggiata a doppio senso;Asciutto;Asfaltata;Verticale ed orizzontale;Nuvoloso;Intenso;Sufficiente;Sufficiente;1;0;0;4;;;-1;1;Autovettura privata;In marcia / fermata / arresto;Passeggero;F;Illeso;0;;Non accertato;Inesploso
1940030;4;27/03/2013 19:20;Provinciale entro l'abitato;VIA NOMENTANA;all'intersezione con;VIA VAL TROMPIA;VIA VAL TROMPIA;;;Scontro frontale/laterale DX fra veicoli in marcia;Incrocio;Una carreggiata a doppio senso;Asciutto;Asfaltata;Verticale ed orizzontale;Nuvoloso;Intenso;Sufficiente;Sufficiente;1;0;0;4;;;-1;2;Motociclo a solo;In marcia / fermata / arresto;Conducente;M;Rimandato;0;NON DECEDUTO;Non accertato;Inesistente
1940031;6;28/03/2013 12:00;Strada Urbana;PIAZZALE PRENESTINO;in corrispondenza;;del civico n. ;23;;Investimento di pedone;Rettilineo;Più di due carreggiate;Bagnato (pioggia);Asfaltata;Verticale ed orizzontale;Nuvoloso;Scarso;Buona;Ore Diurne;1;0;0;1;;;-1;;;;Pedone;F;Rifiuta cure immediate;0;NON DECEDUTO;;
1940031;6;28/03/2013 12:00;Strada Urbana;PIAZZALE PRENESTINO;in corrispondenza;;del civico n. ;23;;Investimento di pedone;Rettilineo;Più di due carreggiate;Bagnato (pioggia);Asfaltata;Verticale ed orizzontale;Nuvoloso;Scarso;Buona;Ore Diurne;1;0;0;1;;;-1;1;Autovettura privata;In marcia / fermata / arresto;Conducente;M;Illeso;0;;Utilizzato;Inesploso
1940032;18;25/03/2013 12:30;Strada Urbana;VIA DI TORRE ROSSA;in prossimità;;del civico n. ;40;;Scontro frontale fra veicoli in marcia;Rettilineo;Una carreggiata a doppio senso;Asciutto;Asfaltata;Verticale ed orizzontale;Nuvoloso;Normale;Buona;Ore Diurne;0;0;0;3;;;-1;1;Autovettura di polizia;In marcia / fermata / arresto;Conducente;M;Illeso;0;;Non accertato;Inesploso
1940032;18;25/03/2013 12:30;Strada Urbana;VIA DI TORRE ROSSA;in prossimità;;del civico n. ;40;;Scontro frontale fra veicoli in marcia;Rettilineo;Una carreggiata a doppio senso;Asciutto;Asfaltata;Verticale ed orizzontale;Nuvoloso;Normale;Buona;Ore Diurne;0;0;0;3;;;-1;1;Autovettura di polizia;In marcia / fermata / arresto;Passeggero;M;Illeso;0;;Non accertato;Inesploso
1940032;18;25/03/2013 12:30;Strada Urbana;VIA DI TORRE ROSSA;in prossimità;;del civico n. ;40;;Scontro frontale fra veicoli in marcia;Rettilineo;Una carreggiata a doppio senso;Asciutto;Asfaltata;Verticale ed orizzontale;Nuvoloso;Normale;Buona;Ore Diurne;0;0;0;3;;;-1;2;Motociclo a solo;In marcia / fermata / arresto;Conducente;M;Illeso;0;;Non accertato;Inesistente
1940033;2;28/03/2013 13:00;Strada Urbana;VIA GIUSEPPE MANGILI;in prossimità;;del civico n. ;12;;Veicolo in marcia contro veicolo in sosta;Rettilineo;Una carreggiata a senso unico di marcia;Bagnato (pioggia);Asfaltata;Verticale ed orizzontale;Nuvoloso;Scarso;Buona;Ore Diurne;0;0;0;1;;;-1;1;Autovettura privata;In marcia / fermata / arresto;Conducente;F;Illeso;0;;Non accertato;Inesploso
1940034;20;27/03/2013 10:10;Strada Urbana;VIA DELLA CAMILLUCCIA;all'intersezione con;VIA STRESA;VIA STRESA;;;Scontro frontale/laterale SX fra veicoli in marcia;Incrocio;Una carreggiata a doppio senso;Asciutto;Asfaltata;Verticale ed orizzontale;Nuvoloso;Normale;Buona;Ore Diurne;0;0;0;2;;;-1;1;Autovettura privata;In marcia / fermata / arresto;Conducente;M;Illeso;0;;Non accertato;Inesistente
1940034;20;27/03/2013 10:10;Strada Urbana;VIA DELLA CAMILLUCCIA;all'intersezione con;VIA STRESA;VIA STRESA;;;Scontro frontale/laterale SX fra veicoli in marcia;Incrocio;Una carreggiata a doppio senso;Asciutto;Asfaltata;Verticale ed orizzontale;Nuvoloso;Normale;Buona;Ore Diurne;0;0;0;2;;;-1;2;Autocarro inferiore 35 q.;In marcia / fermata / arresto;Conducente;M;Illeso;0;;Non accertato;Inesistente
1940035;18;26/03/2013 11:20;Strada Urbana;VIA GREGORIO VII;in prossimità;;del civico n. ;348A;;Scontro laterale fra veicoli in marcia;Rettilineo;Più di due carreggiate;Bagnato (pioggia);Asfaltata;Verticale ed orizzontale;Nuvoloso;Normale;Sufficiente;Ore Diurne;0;0;0;2;;;-1;1;Autovettura privata;In marcia / fermata / arresto;Conducente;M;Illeso;0;;Non accertato;Inesploso
1940035;18;26/03/2013 11:20;Strada Urbana;VIA GREGORIO VII;in prossimità;;del civico n. ;348A;;Scontro laterale fra veicoli in marcia;Rettilineo;Più di due carreggiate;Bagnato (pioggia);Asfaltata;Verticale ed orizzontale;Nuvoloso;Normale;Sufficiente;Ore Diurne;0;0;0;2;;;-1;2;Autocarro inferiore 35 q.;In marcia / fermata / arresto;Conducente;M;Illeso;0;;Non accertato;Inesistente
1940036;12;28/03/2013 01:00;Provinciale;VIA DELLA STAZIONE DI PAVONA;in prossimità;;della chilometrica ;6,4;;Veicolo in marcia contro ostacolo accidentale;Curva a visuale libera;Una carreggiata a doppio senso;Bagnato (pioggia);Con buche;Verticale ed orizzontale;Nuvoloso;Scarso;Sufficiente;Inesistente;0;0;0;2;;;-1;1;Autovettura privata;In marcia / fermata / arresto;Conducente;M;Illeso;0;;Utilizzato;Inesploso
1940036;12;28/03/2013 01:00;Provinciale;VIA DELLA STAZIONE DI PAVONA;in prossimità;;della chilometrica ;6,4;;Veicolo in marcia contro ostacolo accidentale;Curva a visuale libera;Una carreggiata a doppio senso;Bagnato (pioggia);Con buche;Verticale ed orizzontale;Nuvoloso;Scarso;Sufficiente;Inesistente;0;0;0;2;;;-1;1;Autovettura privata;In marcia / fermata / arresto;Passeggero;F;Illeso;0;;Utilizzato;Inesploso
1940037;4;27/03/2013 10:45;Strada Urbana;VIA DEL CASALE DI SETTEBAGNI;in prossimità;;del civico n. ;40;;Veicolo in marcia contro ostacolo fisso;Rettilineo;Una carreggiata a doppio senso;Asciutto;Asfaltata;Verticale;Sereno;Scarso;Buona;Ore Diurne;0;0;0;1;;;-1;1;Autovettura privata;In marcia / fermata / arresto;Conducente;M;Illeso;0;;Non accertato;
1940038;18;26/03/2013 14:00;Strada Urbana;VIA DEL FORTE BOCCEA;da specificare;;;;prossimità via D. Tardini;Veicolo in marcia contro ostacolo accidentale;Rettilineo;Una carreggiata a senso unico di marcia;Viscido da liquidi oleosi;Asfaltata;Assente;Pioggia in atto;Normale;Buona;Ore Diurne;0;0;0;1;;;-1;1;Ciclomotore;In marcia / fermata / arresto;Conducente;M;Illeso;0;;Non accertato;Inesistente
1940039;23;21/03/2013 13:20;Comunale extraurbana;VIA CRISTOFORO COLOMBO;in prossimità;;della chilometrica ;14,8;;Tamponamento;Rettilineo;Più di due carreggiate;Asciutto;Asfaltata;Verticale ed orizzontale;Sereno;Normale;Buona;Ore Diurne;1;0;0;1;;;-1;1;Autovettura privata;In marcia / fermata / arresto;Conducente;F;Illeso;0;;Non accertato;Inesploso
1940039;23;21/03/2013 13:20;Comunale extraurbana;VIA CRISTOFORO COLOMBO;in prossimità;;della chilometrica ;14,8;;Tamponamento;Rettilineo;Più di due carreggiate;Asciutto;Asfaltata;Verticale ed orizzontale;Sereno;Normale;Buona;Ore Diurne;1;0;0;1;;;-1;2;Velocipede;In marcia / fermata / arresto;Conducente;M;Rimandato;0;NON DECEDUTO;Non accertato;Inesistente
1940040;18;26/03/2013 16:05;Strada Urbana;VIA DI BOCCEA;all'intersezione con;VIA ACHILLE LUIGI BONANOME;VIA ACHILLE LUIGI BONANOME;;;Scontro frontale/laterale DX fra veicoli in marcia;Intersezione stradale segnalata;Una carreggiata a doppio senso;Bagnato (umidità in atto);Asfaltata;Verticale ed orizzontale;Nuvoloso;Normale;Sufficiente;Ore Diurne;0;0;0;2;;;-1;1;Autovettura pubblica;In marcia / fermata / arresto;Conducente;M;Illeso;0;;Non accertato;Inesploso
1940040;18;26/03/2013 16:05;Strada Urbana;VIA DI BOCCEA;all'intersezione con;VIA ACHILLE LUIGI BONANOME;VIA ACHILLE LUIGI BONANOME;;;Scontro frontale/laterale DX fra veicoli in marcia;Intersezione stradale segnalata;Una carreggiata a doppio senso;Bagnato (umidità in atto);Asfaltata;Verticale ed orizzontale;Nuvoloso;Normale;Sufficiente;Ore Diurne;0;0;0;2;;;-1;2;Autocarro superiore 35 q.;In marcia / fermata / arresto;Conducente;M;Illeso;0;;Non accertato;Inesploso
1940041;2;28/03/2013 17:00;Strada Urbana;LUNGOTEVERE FLAMINIO;all'intersezione con;VIA VIRGINIO VESPIGNANI;VIA VIRGINIO VESPIGNANI;;;Scontro frontale/laterale SX fra veicoli in marcia;Incrocio;Una carreggiata a doppio senso;Bagnato (umidità in atto);Asfaltata;Verticale ed orizzontale;Nuvoloso;Intenso;Buona;Ore Diurne;1;0;0;1;;;-1;1;Autovettura privata;In marcia / fermata / arresto;Conducente;M;Illeso;0;;Non accertato;Inesistente
1940041;2;28/03/2013 17:00;Strada Urbana;LUNGOTEVERE FLAMINIO;all'intersezione con;VIA VIRGINIO VESPIGNANI;VIA VIRGINIO VESPIGNANI;;;Scontro frontale/laterale SX fra veicoli in marcia;Incrocio;Una carreggiata a doppio senso;Bagnato (umidità in atto);Asfaltata;Verticale ed orizzontale;Nuvoloso;Intenso;Buona;Ore Diurne;1;0;0;1;;;-1;2;Motociclo a solo;In marcia / fermata / arresto;Conducente;M;Rimandato;0;NON DECEDUTO;Non accertato;Inesistente
1940042;9;28/03/2013 15:15;Strada Urbana;VIALE AMELIA;all'intersezione con;VIA GUBBIO;VIA GUBBIO;;;Scontro frontale/laterale SX fra veicoli in marcia;Incrocio;Una carreggiata a doppio senso;Asciutto;Asfaltata;Verticale ed orizzontale;Nuvoloso;Normale;Buona;Ore Diurne;0;0;0;2;;;-1;1;Autocarro inferiore 35 q.;In marcia / fermata / arresto;Conducente;M;Illeso;0;;Utilizzato;Inesploso
1940042;9;28/03/2013 15:15;Strada Urbana;VIALE AMELIA;all'intersezione con;VIA GUBBIO;VIA GUBBIO;;;Scontro frontale/laterale SX fra veicoli in marcia;Incrocio;Una carreggiata a doppio senso;Asciutto;Asfaltata;Verticale ed orizzontale;Nuvoloso;Normale;Buona;Ore Diurne;0;0;0;2;;;-1;2;Autovettura privata;In marcia / fermata / arresto;Conducente;M;Illeso;0;;Utilizzato;Inesploso
1940043;15;28/03/2013 08:30;Strada Urbana;VIA DELLA MAGLIANA;da specificare;;;;fronte civico 138;Scontro laterale fra veicoli in marcia;Rettilineo;Una carreggiata a doppio senso;Bagnato (pioggia);Asfaltata;Orizzontale;Pioggia in atto;Normale;Buona;Ore Diurne;0;0;0;1;;;-1;1;Autoarticolato;In marcia / fermata / arresto;Conducente;M;Illeso;0;;Utilizzato;Inesistente
1940044;18;27/03/2013 08:45;Statale entro l'abitato;VIA AURELIA;in prossimità;;del civico n. ;468;;Scontro laterale fra veicoli in marcia;Rettilineo;Due carreggiate;Asciutto;Asfaltata;Verticale ed orizzontale;Sereno;Normale;Buona;Ore Diurne;0;0;0;6;;;-1;1;Autovettura privata;In marcia / fermata / arresto;Conducente;M;Illeso;0;;Non accertato;Inesploso
1940044;18;27/03/2013 08:45;Statale entro l'abitato;VIA AURELIA;in prossimità;;del civico n. ;468;;Scontro laterale fra veicoli in marcia;Rettilineo;Due carreggiate;Asciutto;Asfaltata;Verticale ed orizzontale;Sereno;Normale;Buona;Ore Diurne;0;0;0;6;;;-1;1;Autovettura privata;In marcia / fermata / arresto;Passeggero;F;Illeso;0;;Non accertato;Inesploso
1940044;18;27/03/2013 08:45;Statale entro l'abitato;VIA AURELIA;in prossimità;;del civico n. ;468;;Scontro laterale fra veicoli in marcia;Rettilineo;Due carreggiate;Asciutto;Asfaltata;Verticale ed orizzontale;Sereno;Normale;Buona;Ore Diurne;0;0;0;6;;;-1;1;Autovettura privata;In marcia / fermata / arresto;Passeggero;F;Illeso;0;;Non accertato;Inesploso